date,asset_id,campaign,total_reach,total_engagements,total_conversions,aggregate_conversion_rate,platforms_instagram_reach,platforms_instagram_conversion_rate,platforms_tiktok_reach,platforms_tiktok_conversion_rate,platforms_youtube_reach,platforms_youtube_conversion_rate,platforms_facebook_reach,platforms_facebook_conversion_rate
2025-01-01 00:00:00+00:00,Six Flags,New Year Awareness,72627,4445,396,0.55,20527,3.88,17230,3.21,14973,2.75,16406,2.68
2025-01-02 00:00:00+00:00,Six Flags,New Year Awareness,31432,3219,96,0.31,6210,2.95,6388,3.02,7834,2.25,6470,3.19
2025-01-03 00:00:00+00:00,Six Flags,New Year Awareness,33863,3916,116,0.34,9168,2.92,7905,2.53,9693,3.0,7566,2.87
2025-01-04 00:00:00+00:00,Six Flags,New Year Awareness,78499,8436,577,0.74,17438,3.11,16712,3.79,20980,3.46,12249,2.13
2025-01-05 00:00:00+00:00,Six Flags,New Year Awareness,67696,7879,188,0.28,12110,3.22,12751,3.1,11473,2.67,15510,3.37
2025-01-06 00:00:00+00:00,Six Flags,New Year Awareness,31161,2370,137,0.44,8833,3.3,8277,2.8,7885,3.09,8854,2.07
2025-01-07 00:00:00+00:00,Six Flags,New Year Awareness,77735,5690,161,0.21,21724,3.7,19974,2.43,21467,3.87,15412,2.16
2025-01-08 00:00:00+00:00,Six Flags,New Year Awareness,47965,3467,125,0.26,9022,3.31,12384,2.65,11572,2.57,9835,3.73
2025-01-09 00:00:00+00:00,Six Flags,New Year Awareness,54051,4558,304,0.56,9092,2.72,10909,2.88,12009,3.51,13802,3.41
2025-01-10 00:00:00+00:00,Six Flags,New Year Awareness,39079,4010,271,0.69,11124,3.08,11425,3.17,7622,2.7,9781,3.57
2025-01-01 00:00:00+00:00,Aquarabia,New Year Awareness,50459,5339,187,0.37,14715,3.59,15132,2.07,13937,3.16,9778,3.25
2025-01-02 00:00:00+00:00,Aquarabia,New Year Awareness,27332,2205,136,0.5,7565,2.92,5497,3.86,5751,3.21,6018,2.16
2025-01-03 00:00:00+00:00,Aquarabia,New Year Awareness,34775,2807,150,0.43,7546,2.9,10131,2.25,9517,3.78,9589,3.12
2025-01-04 00:00:00+00:00,Aquarabia,New Year Awareness,28237,1982,87,0.31,4959,2.96,5928,2.3,6987,2.16,8073,3.71
2025-01-05 00:00:00+00:00,Aquarabia,New Year Awareness,32650,3154,132,0.4,6976,2.8,9386,3.11,7686,2.27,5712,2.01
2025-01-06 00:00:00+00:00,Aquarabia,New Year Awareness,30205,3220,69,0.23,8612,3.59,6653,2.14,4686,3.14,5194,3.31
2025-01-07 00:00:00+00:00,Aquarabia,New Year Awareness,53235,4280,195,0.37,13980,2.67,9791,3.44,11004,3.11,14550,3.36
2025-01-08 00:00:00+00:00,Aquarabia,New Year Awareness,40061,2725,215,0.54,6747,3.1,11741,2.9,7061,2.7,6616,3.35
2025-01-09 00:00:00+00:00,Aquarabia,New Year Awareness,50243,5288,161,0.32,7973,2.29,8665,2.46,14060,3.78,14491,2.81
2025-01-10 00:00:00+00:00,Aquarabia,New Year Awareness,54916,4839,422,0.77,8765,3.65,11579,2.83,9199,2.31,16364,2.6
2025-03-10 00:00:00+00:00,Six Flags,Spring Family Fest,41924,4656,324,0.77,8480,2.36,7829,3.34,10959,2.3,11412,2.71
2025-03-11 00:00:00+00:00,Six Flags,Spring Family Fest,54316,3378,408,0.75,15482,3.78,14100,3.5,11832,2.56,10309,3.92
2025-03-12 00:00:00+00:00,Six Flags,Spring Family Fest,55674,4814,448,0.8,12566,3.03,14838,2.37,8448,3.49,13314,3.66
2025-03-13 00:00:00+00:00,Six Flags,Spring Family Fest,77533,9103,418,0.54,13383,3.78,18690,2.57,23004,3.79,12658,3.1
2025-03-14 00:00:00+00:00,Six Flags,Spring Family Fest,60618,4672,384,0.63,15961,2.66,14342,3.05,11226,3.88,10413,3.25
2025-03-15 00:00:00+00:00,Six Flags,Spring Family Fest,58913,5032,420,0.71,9180,3.31,11156,3.91,10763,3.98,11233,3.06
2025-03-16 00:00:00+00:00,Six Flags,Spring Family Fest,41429,2740,370,0.89,7400,2.18,7775,2.71,7598,2.94,10383,2.54
2025-03-17 00:00:00+00:00,Six Flags,Spring Family Fest,39441,3829,340,0.86,6779,2.36,11490,2.05,9328,2.71,10362,2.27
2025-03-18 00:00:00+00:00,Six Flags,Spring Family Fest,73774,8805,822,1.11,16344,3.61,11612,3.97,18248,3.6,14456,2.07
2025-03-19 00:00:00+00:00,Six Flags,Spring Family Fest,37725,4186,329,0.87,6198,3.19,5849,2.49,9401,2.34,10560,2.23
2025-03-20 00:00:00+00:00,Six Flags,Spring Family Fest,57718,6430,441,0.76,14522,2.81,9249,2.94,12579,3.47,10143,3.3
2025-03-21 00:00:00+00:00,Six Flags,Spring Family Fest,70557,6506,517,0.73,13090,3.9,18522,2.08,20749,3.04,15737,3.33
2025-03-22 00:00:00+00:00,Six Flags,Spring Family Fest,63941,4829,543,0.85,13086,3.26,10262,2.47,17036,3.83,13638,3.66
2025-03-23 00:00:00+00:00,Six Flags,Spring Family Fest,51256,6148,575,1.12,12744,2.25,15048,2.89,12376,2.93,13700,3.4
2025-03-24 00:00:00+00:00,Six Flags,Spring Family Fest,64091,4375,451,0.7,9980,3.49,18516,2.35,15168,3.78,17377,2.32
2025-03-25 00:00:00+00:00,Six Flags,Spring Family Fest,36653,2420,237,0.65,6679,2.69,10043,3.51,6496,3.7,6908,2.24
2025-03-10 00:00:00+00:00,Aquarabia,Spring Family Fest,48487,4447,341,0.7,10336,3.66,11978,2.73,10698,2.44,12406,2.35
2025-03-11 00:00:00+00:00,Aquarabia,Spring Family Fest,26101,2079,152,0.58,5244,3.46,5344,3.11,5843,2.05,6944,2.28
2025-03-12 00:00:00+00:00,Aquarabia,Spring Family Fest,65479,6480,605,0.92,14834,3.54,11726,3.07,15460,2.54,13062,3.47
2025-03-13 00:00:00+00:00,Aquarabia,Spring Family Fest,62187,5924,405,0.65,16687,2.58,9338,3.5,15650,3.43,15490,2.01
2025-03-14 00:00:00+00:00,Aquarabia,Spring Family Fest,40187,4769,281,0.7,10620,3.23,6066,2.95,10775,2.76,10487,2.03
2025-03-15 00:00:00+00:00,Aquarabia,Spring Family Fest,29620,2767,214,0.72,4890,3.34,7199,2.08,6029,3.15,5808,3.67
2025-03-16 00:00:00+00:00,Aquarabia,Spring Family Fest,28907,1821,339,1.17,6889,2.07,6444,2.19,7817,2.59,4726,3.23
2025-03-17 00:00:00+00:00,Aquarabia,Spring Family Fest,53673,5456,333,0.62,15727,2.98,11615,3.64,13119,2.73,13372,3.1
2025-03-18 00:00:00+00:00,Aquarabia,Spring Family Fest,68297,6429,536,0.78,11406,2.54,13652,2.89,18546,2.49,13461,3.99
2025-03-19 00:00:00+00:00,Aquarabia,Spring Family Fest,59045,5018,538,0.91,14061,2.98,12802,3.55,13204,2.94,16794,2.25
2025-03-20 00:00:00+00:00,Aquarabia,Spring Family Fest,43260,5122,284,0.66,10849,2.7,9001,2.7,7407,2.94,7057,3.35
2025-03-21 00:00:00+00:00,Aquarabia,Spring Family Fest,34257,2894,346,1.01,9397,3.37,8487,2.93,8553,3.32,7393,3.55
2025-03-22 00:00:00+00:00,Aquarabia,Spring Family Fest,64204,4069,397,0.62,12978,2.42,13935,3.71,11425,3.5,13162,3.49
2025-03-23 00:00:00+00:00,Aquarabia,Spring Family Fest,49216,5630,482,0.98,13306,3.53,8923,3.72,7690,3.7,10506,2.46
2025-03-24 00:00:00+00:00,Aquarabia,Spring Family Fest,58750,4387,611,1.04,15589,2.76,16644,3.73,13313,2.79,11607,2.4
2025-03-25 00:00:00+00:00,Aquarabia,Spring Family Fest,43101,4922,230,0.53,10934,2.48,6869,3.27,8792,2.72,6507,3.49
2025-06-01 00:00:00+00:00,Six Flags,Eid Extravaganza,55920,5635,599,1.07,9857,3.4,9447,3.46,9293,3.23,10681,3.0
2025-06-02 00:00:00+00:00,Six Flags,Eid Extravaganza,42119,2901,944,2.24,6348,3.73,6872,3.34,6396,2.03,9412,2.68
2025-06-03 00:00:00+00:00,Six Flags,Eid Extravaganza,67840,7475,1111,1.64,18456,2.05,10371,2.42,19299,2.14,13318,3.52
2025-06-04 00:00:00+00:00,Six Flags,Eid Extravaganza,56513,4527,1030,1.82,9927,3.7,13344,2.66,10950,3.4,16025,2.4
2025-06-05 00:00:00+00:00,Six Flags,Eid Extravaganza,60492,6212,716,1.18,11178,2.17,12768,3.97,13230,3.85,9517,3.39
2025-06-06 00:00:00+00:00,Six Flags,Eid Extravaganza,36909,3698,621,1.68,8423,3.65,10660,3.48,6370,2.99,8132,2.87
2025-06-07 00:00:00+00:00,Six Flags,Eid Extravaganza,39672,3344,708,1.78,8608,2.19,11782,3.28,10945,2.05,6219,2.25
2025-06-08 00:00:00+00:00,Six Flags,Eid Extravaganza,35606,2604,370,1.04,6255,3.84,8911,2.24,5679,3.61,9063,2.46
2025-06-09 00:00:00+00:00,Six Flags,Eid Extravaganza,31490,2210,531,1.69,8180,2.85,6714,2.88,7878,3.99,9399,2.49
2025-06-10 00:00:00+00:00,Six Flags,Eid Extravaganza,31952,3163,743,2.33,8359,3.41,7103,2.1,6189,2.85,5138,3.03
2025-06-11 00:00:00+00:00,Six Flags,Eid Extravaganza,32948,2508,780,2.37,9659,3.52,8421,3.83,5946,2.91,9529,2.03
2025-06-12 00:00:00+00:00,Six Flags,Eid Extravaganza,31190,3017,413,1.32,4810,3.77,7414,3.3,6042,2.06,8141,2.39
2025-06-13 00:00:00+00:00,Six Flags,Eid Extravaganza,43641,3433,528,1.21,9227,2.08,11837,3.55,12299,2.49,12179,2.82
2025-06-14 00:00:00+00:00,Six Flags,Eid Extravaganza,79132,7516,1652,2.09,15867,3.71,21547,3.93,20637,3.09,21364,2.41
2025-06-15 00:00:00+00:00,Six Flags,Eid Extravaganza,36549,3881,817,2.24,6640,2.96,9054,2.92,5936,2.91,7714,2.58
2025-06-01 00:00:00+00:00,Aquarabia,Eid Extravaganza,66058,7911,1363,2.06,15056,2.09,16117,2.52,10425,3.93,15001,2.8
2025-06-02 00:00:00+00:00,Aquarabia,Eid Extravaganza,61446,6393,1500,2.44,13991,3.44,11282,3.61,18399,3.85,14445,2.15
2025-06-03 00:00:00+00:00,Aquarabia,Eid Extravaganza,33177,3296,809,2.44,5746,3.25,9080,2.99,9173,2.51,7960,2.19
2025-06-04 00:00:00+00:00,Aquarabia,Eid Extravaganza,51729,5215,1055,2.04,12232,2.06,7972,2.13,8454,3.7,14059,3.81
2025-06-05 00:00:00+00:00,Aquarabia,Eid Extravaganza,54605,5771,745,1.36,13668,2.72,13788,3.26,11328,3.08,13291,2.63
2025-06-06 00:00:00+00:00,Aquarabia,Eid Extravaganza,43271,2953,544,1.26,11937,2.42,11599,2.61,12539,2.12,11022,3.04
2025-06-07 00:00:00+00:00,Aquarabia,Eid Extravaganza,62888,5468,1446,2.3,15979,2.05,10459,3.18,9872,3.23,18392,3.64
2025-06-08 00:00:00+00:00,Aquarabia,Eid Extravaganza,59408,3708,1166,1.96,15754,2.42,11277,2.43,10869,2.87,12370,2.51
2025-06-09 00:00:00+00:00,Aquarabia,Eid Extravaganza,57972,3494,937,1.62,16633,2.73,11033,3.41,10543,2.48,14780,3.2
2025-06-10 00:00:00+00:00,Aquarabia,Eid Extravaganza,48170,3701,1129,2.34,12124,2.17,7893,2.77,10074,3.05,8739,3.61
2025-06-11 00:00:00+00:00,Aquarabia,Eid Extravaganza,41283,3917,539,1.31,12118,3.87,6630,3.94,8675,2.93,9008,2.09
2025-06-12 00:00:00+00:00,Aquarabia,Eid Extravaganza,27261,2319,275,1.01,5859,2.25,4116,3.22,7618,2.33,7707,2.2
2025-06-13 00:00:00+00:00,Aquarabia,Eid Extravaganza,64412,7654,1102,1.71,15329,2.85,18448,2.74,16558,3.58,14960,3.58
2025-06-14 00:00:00+00:00,Aquarabia,Eid Extravaganza,50262,4596,580,1.15,13064,3.9,8970,2.56,13346,2.79,8034,2.62
2025-06-15 00:00:00+00:00,Aquarabia,Eid Extravaganza,69244,6880,1383,2.0,20305,3.87,17485,3.12,16423,3.25,10720,2.18
2025-07-15 00:00:00+00:00,Six Flags,Summer Splash,64139,5654,977,1.52,15095,3.99,10034,3.33,12156,3.38,11870,3.79
2025-07-16 00:00:00+00:00,Six Flags,Summer Splash,78063,9102,827,1.06,16001,2.68,19918,3.86,17442,2.96,15899,3.7
2025-07-17 00:00:00+00:00,Six Flags,Summer Splash,32916,3901,451,1.37,7412,2.25,5955,2.2,5101,3.98,8650,2.17
2025-07-18 00:00:00+00:00,Six Flags,Summer Splash,63404,4937,922,1.45,15492,3.89,17621,3.16,10457,2.04,9594,3.72
2025-07-19 00:00:00+00:00,Six Flags,Summer Splash,70556,7455,1272,1.8,13371,2.37,19579,3.25,15673,3.54,20008,3.21
2025-07-20 00:00:00+00:00,Six Flags,Summer Splash,71317,5455,1374,1.93,11910,2.59,20644,2.24,10953,2.64,19005,3.68
2025-07-21 00:00:00+00:00,Six Flags,Summer Splash,37986,4228,395,1.04,10155,2.02,6777,2.89,9440,3.7,10958,2.37
2025-07-22 00:00:00+00:00,Six Flags,Summer Splash,58595,6057,1166,1.99,16085,2.35,9933,2.28,12270,2.62,14744,3.27
2025-07-23 00:00:00+00:00,Six Flags,Summer Splash,73781,6407,785,1.06,21614,3.46,20911,2.75,11089,3.93,19637,2.74
2025-07-24 00:00:00+00:00,Six Flags,Summer Splash,39149,4542,612,1.56,8297,3.98,9496,3.78,9430,2.19,6949,3.66
2025-07-25 00:00:00+00:00,Six Flags,Summer Splash,53583,5730,597,1.11,15716,2.74,8321,2.39,8555,3.69,10185,2.94
2025-07-26 00:00:00+00:00,Six Flags,Summer Splash,45499,4083,570,1.25,11035,3.66,12302,2.87,9712,3.74,8128,2.92
2025-07-27 00:00:00+00:00,Six Flags,Summer Splash,36188,3399,509,1.41,8341,3.1,8262,2.45,8854,3.08,10491,3.22
2025-07-28 00:00:00+00:00,Six Flags,Summer Splash,71717,8515,1040,1.45,17489,3.85,15272,2.68,13783,2.7,11118,3.34
2025-07-29 00:00:00+00:00,Six Flags,Summer Splash,65585,5812,950,1.45,15107,2.85,14049,3.09,17830,3.25,14637,2.43
2025-07-30 00:00:00+00:00,Six Flags,Summer Splash,60501,4759,796,1.32,15277,3.92,10125,3.95,9441,3.48,15492,2.33
2025-07-15 00:00:00+00:00,Aquarabia,Summer Splash,32872,3192,755,2.3,6616,3.34,5673,2.74,5384,3.05,5009,3.82
2025-07-16 00:00:00+00:00,Aquarabia,Summer Splash,65788,6749,992,1.51,9993,2.86,10030,3.34,13389,2.29,14136,3.37
2025-07-17 00:00:00+00:00,Aquarabia,Summer Splash,28729,2401,640,2.23,7875,3.94,8549,2.59,5882,3.32,4516,2.22
2025-07-18 00:00:00+00:00,Aquarabia,Summer Splash,37100,3344,416,1.12,10731,3.81,9538,3.55,7919,2.65,7831,2.21
2025-07-19 00:00:00+00:00,Aquarabia,Summer Splash,68596,5216,1106,1.61,14685,2.54,19377,2.77,17695,2.49,11093,2.8
2025-07-20 00:00:00+00:00,Aquarabia,Summer Splash,69669,5164,1428,2.05,17843,3.71,11077,3.28,12997,3.44,14523,2.64
2025-07-21 00:00:00+00:00,Aquarabia,Summer Splash,66759,4168,845,1.27,13060,3.51,13448,2.1,18859,2.99,12310,3.71
2025-07-22 00:00:00+00:00,Aquarabia,Summer Splash,69256,5596,1281,1.85,12441,2.57,19892,3.19,15915,2.34,19105,2.69
2025-07-23 00:00:00+00:00,Aquarabia,Summer Splash,68129,5544,1086,1.59,17323,2.06,16147,2.83,13399,3.82,15775,3.74
2025-07-24 00:00:00+00:00,Aquarabia,Summer Splash,25283,1855,328,1.3,7493,2.76,5972,2.06,6443,2.25,7307,2.38
2025-07-25 00:00:00+00:00,Aquarabia,Summer Splash,31807,3740,564,1.77,4974,2.82,5779,2.44,8233,2.26,8354,3.49
2025-07-26 00:00:00+00:00,Aquarabia,Summer Splash,69000,7850,1544,2.24,16485,3.21,18254,3.96,16285,2.34,17879,3.7
2025-07-27 00:00:00+00:00,Aquarabia,Summer Splash,38822,3786,769,1.98,7750,2.71,7868,2.86,8883,3.78,8421,2.05
2025-07-28 00:00:00+00:00,Aquarabia,Summer Splash,58718,4747,659,1.12,13265,2.19,15518,4.0,11172,2.32,17123,3.65
2025-07-29 00:00:00+00:00,Aquarabia,Summer Splash,25127,2672,346,1.38,5527,3.8,7269,3.02,4200,2.73,5942,3.53
2025-07-30 00:00:00+00:00,Aquarabia,Summer Splash,49827,3110,1240,2.49,10006,3.02,13900,3.5,13387,2.66,12299,2.95
2025-09-25 00:00:00+00:00,Six Flags,Holiday Fun Fiesta,30274,2829,277,0.91,4979,2.35,7481,3.17,4848,2.72,5613,2.94
2025-09-26 00:00:00+00:00,Six Flags,Holiday Fun Fiesta,48921,4494,272,0.56,14418,2.3,13535,2.03,7853,3.68,14028,2.6
2025-09-27 00:00:00+00:00,Six Flags,Holiday Fun Fiesta,69356,6791,705,1.02,16872,2.38,15847,3.68,17605,2.26,12746,3.74
2025-09-28 00:00:00+00:00,Six Flags,Holiday Fun Fiesta,59993,6535,1059,1.77,12795,3.92,12155,2.39,14582,2.23,17541,2.16
2025-09-29 00:00:00+00:00,Six Flags,Holiday Fun Fiesta,72773,7042,1185,1.63,12842,2.54,11491,2.12,19216,2.71,18666,3.89
2025-09-30 00:00:00+00:00,Six Flags,Holiday Fun Fiesta,38507,3030,494,1.28,10823,3.78,9414,3.18,10355,3.75,10630,2.21
2025-10-01 00:00:00+00:00,Six Flags,Holiday Fun Fiesta,42522,4365,830,1.95,8882,2.36,8753,3.63,10751,3.0,6735,2.48
2025-10-02 00:00:00+00:00,Six Flags,Holiday Fun Fiesta,60736,5735,1135,1.87,10173,2.15,13015,3.6,17495,3.41,12853,3.82
2025-10-03 00:00:00+00:00,Six Flags,Holiday Fun Fiesta,51895,4428,499,0.96,8247,3.85,10455,3.2,7978,3.83,8776,2.13
2025-10-04 00:00:00+00:00,Six Flags,Holiday Fun Fiesta,68555,6753,1312,1.91,16029,2.92,16379,2.08,16959,2.53,17252,2.99
2025-10-05 00:00:00+00:00,Six Flags,Holiday Fun Fiesta,46658,3287,724,1.55,12193,2.65,7150,2.14,7852,3.38,13255,2.05
2025-10-06 00:00:00+00:00,Six Flags,Holiday Fun Fiesta,79034,7544,1056,1.34,12576,3.18,16502,3.82,20161,2.15,19689,3.01
2025-10-07 00:00:00+00:00,Six Flags,Holiday Fun Fiesta,44594,4356,342,0.77,12918,3.49,7507,3.67,9052,3.99,10525,3.76
2025-10-08 00:00:00+00:00,Six Flags,Holiday Fun Fiesta,68452,5966,649,0.95,18545,2.14,17916,3.34,14971,2.74,17792,3.5
2025-10-09 00:00:00+00:00,Six Flags,Holiday Fun Fiesta,64953,7032,363,0.56,17011,2.42,17212,2.21,10063,2.15,13055,3.65
2025-10-10 00:00:00+00:00,Six Flags,Holiday Fun Fiesta,44334,2777,297,0.67,9325,2.69,8053,3.96,7347,2.27,8702,2.27
2025-09-25 00:00:00+00:00,Aquarabia,Holiday Fun Fiesta,37951,2547,392,1.03,9919,2.17,7526,3.03,11060,3.82,7890,3.49
2025-09-26 00:00:00+00:00,Aquarabia,Holiday Fun Fiesta,41743,2743,605,1.45,10608,2.76,9853,3.58,12159,3.61,7841,3.21
2025-09-27 00:00:00+00:00,Aquarabia,Holiday Fun Fiesta,42157,4720,297,0.7,10340,3.37,10400,2.64,10049,2.05,8173,2.08
2025-09-28 00:00:00+00:00,Aquarabia,Holiday Fun Fiesta,33188,2515,659,1.99,8056,2.97,8051,3.35,6279,2.57,8645,3.02
2025-09-29 00:00:00+00:00,Aquarabia,Holiday Fun Fiesta,66704,7894,404,0.61,15658,3.17,17077,3.18,10389,2.37,16179,2.35
2025-09-30 00:00:00+00:00,Aquarabia,Holiday Fun Fiesta,45959,3245,875,1.9,9163,3.61,9256,2.33,13074,2.57,7367,3.89
2025-10-01 00:00:00+00:00,Aquarabia,Holiday Fun Fiesta,31996,2296,636,1.99,6139,3.41,7551,2.96,7023,2.93,7072,3.68
2025-10-02 00:00:00+00:00,Aquarabia,Holiday Fun Fiesta,52829,4927,336,0.64,14221,3.98,9830,2.55,12940,2.43,13363,2.61
2025-10-03 00:00:00+00:00,Aquarabia,Holiday Fun Fiesta,36260,2411,557,1.54,7541,2.74,7314,2.39,6312,3.17,5645,3.32
2025-10-04 00:00:00+00:00,Aquarabia,Holiday Fun Fiesta,47625,4812,737,1.55,13932,2.33,10293,3.34,11243,3.91,7776,3.76
2025-10-05 00:00:00+00:00,Aquarabia,Holiday Fun Fiesta,66192,4614,1203,1.82,12945,2.64,11923,2.33,16952,3.18,12116,3.61
2025-10-06 00:00:00+00:00,Aquarabia,Holiday Fun Fiesta,51447,4539,935,1.82,10224,3.96,10830,3.83,9949,2.24,8400,2.86
2025-10-07 00:00:00+00:00,Aquarabia,Holiday Fun Fiesta,40088,3374,206,0.51,11995,2.79,6196,2.65,9284,2.02,11229,2.59
2025-10-08 00:00:00+00:00,Aquarabia,Holiday Fun Fiesta,68558,6215,598,0.87,14413,3.85,12685,2.75,12248,2.28,17228,2.16
2025-10-09 00:00:00+00:00,Aquarabia,Holiday Fun Fiesta,41671,4827,401,0.96,8870,2.32,6281,3.11,10588,3.93,8248,2.49
2025-10-10 00:00:00+00:00,Aquarabia,Holiday Fun Fiesta,38589,3655,437,1.13,6692,2.83,6184,3.67,5951,2.56,6457,3.28
2025-09-01 00:00:00+00:00,Six Flags,Loyalty Rewards Drive,78263,7903,1566,2.0,15483,3.38,13608,3.65,15112,3.85,15383,3.47
2025-09-02 00:00:00+00:00,Six Flags,Loyalty Rewards Drive,61480,5214,1267,2.06,12457,3.33,9703,2.12,18347,2.06,11450,3.58
2025-09-03 00:00:00+00:00,Six Flags,Loyalty Rewards Drive,52985,6127,980,1.85,14236,2.81,12128,2.48,12782,2.45,15416,2.37
2025-09-04 00:00:00+00:00,Six Flags,Loyalty Rewards Drive,39701,2765,727,1.83,6689,2.49,8209,2.35,10187,2.79,8909,2.8
2025-09-05 00:00:00+00:00,Six Flags,Loyalty Rewards Drive,54854,6378,1131,2.06,12840,2.9,8575,2.71,13944,2.04,11955,3.31
2025-09-06 00:00:00+00:00,Six Flags,Loyalty Rewards Drive,32096,2358,568,1.77,4842,3.64,5239,3.56,6049,2.59,6287,2.44
2025-09-07 00:00:00+00:00,Six Flags,Loyalty Rewards Drive,47612,5352,922,1.94,7291,2.59,7481,3.22,12990,2.17,11106,2.34
2025-09-08 00:00:00+00:00,Six Flags,Loyalty Rewards Drive,45637,3614,867,1.9,11118,2.12,11055,2.97,8694,3.29,8383,3.12
2025-09-09 00:00:00+00:00,Six Flags,Loyalty Rewards Drive,60456,5843,1096,1.81,10678,2.52,15659,2.45,16504,3.76,12775,3.57
2025-09-10 00:00:00+00:00,Six Flags,Loyalty Rewards Drive,32446,2166,587,1.81,8172,3.31,8222,3.55,8016,3.74,7854,2.94
2025-09-01 00:00:00+00:00,Aquarabia,Loyalty Rewards Drive,47886,5558,900,1.88,7223,2.01,9652,3.18,9243,3.41,13143,2.82
2025-09-02 00:00:00+00:00,Aquarabia,Loyalty Rewards Drive,68278,5352,1395,2.04,11894,2.85,19647,3.32,15700,3.1,14228,2.77
2025-09-03 00:00:00+00:00,Aquarabia,Loyalty Rewards Drive,25452,2002,408,1.6,4586,2.28,4718,2.24,5654,3.51,4967,3.92
2025-09-04 00:00:00+00:00,Aquarabia,Loyalty Rewards Drive,30620,2830,618,2.02,8901,3.5,7937,3.56,6812,2.55,8633,2.54
2025-09-05 00:00:00+00:00,Aquarabia,Loyalty Rewards Drive,30032,2859,554,1.84,8910,3.98,6666,3.48,7446,3.29,6111,3.41
2025-09-06 00:00:00+00:00,Aquarabia,Loyalty Rewards Drive,66016,5922,1056,1.6,17473,2.94,18084,3.12,10656,2.26,12026,2.27
2025-09-07 00:00:00+00:00,Aquarabia,Loyalty Rewards Drive,63612,7116,993,1.56,12537,3.74,9862,3.53,15679,3.94,16819,2.79
2025-09-08 00:00:00+00:00,Aquarabia,Loyalty Rewards Drive,27833,3318,432,1.55,7580,2.85,5623,3.21,5175,2.28,6354,2.84
2025-09-09 00:00:00+00:00,Aquarabia,Loyalty Rewards Drive,60350,4083,977,1.62,11814,3.1,14946,2.08,11091,2.98,16005,2.63
2025-09-10 00:00:00+00:00,Aquarabia,Loyalty Rewards Drive,62732,4181,1140,1.82,15304,2.27,11517,2.58,12669,2.34,12508,3.27
