date,asset_id,feedback_count,very_dissatisfied,dissatisfied,neutral,satisfied,very_satisfied,average_score,intention_to_revisit,intention_to_recommend,complaints_customer_service,complaints_cleanliness,complaints_ride_safety,complaints_wait_times,complaints_technical_issues,complaints_other,total_attendance
2025-01-01 00:00:00+00:00,Aquarabia,94,1671,2878,3821,47,23,3.67,81.98,84.29,0,1,1,0,0,0,326831.07393856364
2025-01-01 00:00:00+00:00,Six Flags,90,704,1335,1697,38,29,4.15,80.99,78.85,0,0,0,2,0,0,326831.07393856364
2025-01-02 00:00:00+00:00,Aquarabia,92,1023,1318,2175,36,16,4.01,81.45,76.4,0,0,1,0,0,0,225072.85272314074
2025-01-02 00:00:00+00:00,Six Flags,71,1321,2698,3577,28,12,3.86,82.81,79.54,0,0,0,0,3,0,225072.85272314074
2025-01-03 00:00:00+00:00,Aquarabia,82,895,1096,1747,23,10,4.2,80.98,75.9,0,0,1,0,0,1,233687.7801220024
2025-01-03 00:00:00+00:00,Six Flags,88,721,2024,2943,27,8,3.89,78.08,77.73,0,0,0,0,0,0,233687.7801220024
2025-01-04 00:00:00+00:00,Aquarabia,78,1332,1685,3149,16,8,3.91,75.62,76.92,0,1,0,1,1,0,140541.94931350264
2025-01-04 00:00:00+00:00,Six Flags,75,491,1569,2872,17,6,3.84,77.83,79.73,0,0,1,0,0,0,140541.94931350264
2025-01-05 00:00:00+00:00,Six Flags,93,1153,1970,3610,18,8,3.79,78.97,81.32,0,0,0,0,0,0,122375.11850574713
2025-01-05 00:00:00+00:00,Aquarabia,72,592,2067,2656,14,6,3.91,76.29,83.21,1,1,0,0,1,0,122375.11850574713
2025-01-06 00:00:00+00:00,Aquarabia,128,652,1324,1936,24,12,4.12,77.79,80.15,0,0,0,1,0,0,80776.0
2025-01-06 00:00:00+00:00,Six Flags,145,592,2021,3475,25,16,3.94,83.02,83.09,0,0,0,0,0,0,80776.0
2025-01-07 00:00:00+00:00,Aquarabia,116,837,1744,2389,20,13,3.83,75.39,77.54,1,0,1,0,0,0,77685.0
2025-01-07 00:00:00+00:00,Six Flags,127,1136,1509,1874,24,12,4.16,76.11,83.49,0,0,0,0,0,0,77685.0
2025-01-08 00:00:00+00:00,Aquarabia,104,1142,1961,3636,17,10,3.91,80.06,82.12,0,1,0,1,0,0,96560.0
2025-01-08 00:00:00+00:00,Six Flags,86,519,1414,2190,13,9,4.23,78.93,76.26,0,1,1,0,0,1,96560.0
2025-01-09 00:00:00+00:00,Aquarabia,134,926,2113,3039,21,12,3.83,83.17,77.15,0,0,0,0,1,1,70400.0
2025-01-09 00:00:00+00:00,Six Flags,126,457,1549,1687,20,11,4.23,79.6,76.27,0,0,0,0,1,2,70400.0
2025-01-10 00:00:00+00:00,Six Flags,103,1180,1864,2394,15,8,3.97,80.13,77.4,0,0,0,0,0,1,104963.0
2025-01-10 00:00:00+00:00,Aquarabia,74,621,1075,1672,12,5,4.29,76.92,75.14,0,0,0,1,1,0,104963.0
2025-01-11 00:00:00+00:00,Aquarabia,101,1019,2464,3406,15,7,3.95,83.96,77.34,0,0,0,0,0,1,89208.0
2025-01-11 00:00:00+00:00,Six Flags,99,740,1734,3028,14,9,3.81,82.68,79.49,0,0,0,0,0,0,89208.0
2025-01-12 00:00:00+00:00,Aquarabia,73,1455,2679,2879,12,5,3.9,77.15,81.19,0,0,0,0,0,0,114769.0
2025-01-12 00:00:00+00:00,Six Flags,91,509,1531,2281,13,9,4.21,82.61,75.01,0,0,0,0,0,1,114769.0
2025-01-13 00:00:00+00:00,Aquarabia,71,810,1714,2044,13,5,4.17,76.93,81.75,0,0,0,0,1,0,108023.0
2025-01-13 00:00:00+00:00,Six Flags,93,760,2061,2106,18,6,3.91,79.66,84.36,0,0,1,0,0,0,108023.0
2025-01-14 00:00:00+00:00,Six Flags,123,1301,2155,2867,19,15,4.05,75.65,77.94,0,0,0,0,0,0,82714.0
2025-01-14 00:00:00+00:00,Aquarabia,130,634,1300,2461,20,16,4.17,78.95,75.63,0,0,0,0,0,0,82714.0
2025-01-15 00:00:00+00:00,Six Flags,81,535,1624,2318,15,7,4.01,81.77,77.95,0,0,0,0,0,0,89793.0
2025-01-15 00:00:00+00:00,Aquarabia,95,1481,1877,2274,15,10,3.72,80.64,83.78,0,1,0,0,0,1,89793.0
2025-01-16 00:00:00+00:00,Aquarabia,86,581,1384,2906,16,5,4.1,75.49,77.66,0,0,1,1,0,0,99289.0
2025-01-16 00:00:00+00:00,Six Flags,102,762,1225,2099,17,9,4.12,75.37,75.51,0,0,0,0,0,0,99289.0
2025-01-17 00:00:00+00:00,Aquarabia,88,727,1705,2460,13,9,3.78,79.46,75.91,2,0,0,0,0,0,98260.0
2025-01-17 00:00:00+00:00,Six Flags,98,852,1497,2385,15,9,4.13,77.98,78.86,0,0,0,0,0,0,98260.0
2025-01-18 00:00:00+00:00,Aquarabia,78,568,1001,1851,14,6,4.2,82.03,80.63,0,0,0,0,0,0,97103.0
2025-01-18 00:00:00+00:00,Six Flags,84,661,2284,3577,14,7,3.83,81.7,84.73,0,0,0,0,1,1,97103.0
2025-01-19 00:00:00+00:00,Six Flags,76,1692,2092,3821,15,6,3.72,80.39,77.01,1,1,0,0,0,0,89394.0
2025-01-19 00:00:00+00:00,Aquarabia,93,534,1510,1537,18,7,4.15,82.28,84.72,0,0,0,0,0,0,89394.0
2025-01-20 00:00:00+00:00,Six Flags,91,468,1451,1921,19,7,4.01,79.35,83.91,0,0,0,0,0,0,101448.0
2025-01-20 00:00:00+00:00,Aquarabia,94,519,1527,2643,19,8,4.09,84.6,81.49,0,0,0,0,0,0,101448.0
2025-01-21 00:00:00+00:00,Aquarabia,85,1044,1401,2152,17,8,4.16,84.31,84.74,0,0,0,0,0,0,100685.0
2025-01-21 00:00:00+00:00,Six Flags,93,344,1261,2041,18,9,4.23,75.02,77.65,1,0,0,0,1,1,100685.0
2025-01-22 00:00:00+00:00,Aquarabia,127,397,1325,2274,21,16,4.1,79.28,82.94,0,0,0,0,0,0,88167.0
2025-01-22 00:00:00+00:00,Six Flags,119,941,1435,2463,22,13,4.19,81.15,83.42,0,0,0,0,0,0,88167.0
2025-01-23 00:00:00+00:00,Aquarabia,89,1143,1299,2391,15,11,3.94,80.33,78.8,0,0,0,0,0,0,88852.0
2025-01-23 00:00:00+00:00,Six Flags,78,674,2122,3102,16,7,4.01,76.12,79.38,0,0,0,0,0,0,88852.0
2025-01-24 00:00:00+00:00,Aquarabia,87,743,1443,2171,15,10,3.99,80.8,82.09,0,0,0,0,0,0,102031.0
2025-01-24 00:00:00+00:00,Six Flags,73,886,1631,2156,15,6,4.18,81.64,77.48,0,0,0,0,0,0,102031.0
2025-01-25 00:00:00+00:00,Six Flags,130,708,1613,1957,24,14,4.19,79.66,76.14,0,0,0,0,0,0,81896.0
2025-01-25 00:00:00+00:00,Aquarabia,130,930,1950,2662,26,12,4.17,84.89,75.14,0,0,0,0,0,0,81896.0
2025-01-26 00:00:00+00:00,Aquarabia,83,356,1249,2135,14,9,4.16,78.42,82.7,0,0,0,0,0,0,100935.0
2025-01-26 00:00:00+00:00,Six Flags,96,835,1837,2780,18,9,4.07,80.06,78.65,0,0,0,0,0,0,100935.0
2025-01-27 00:00:00+00:00,Aquarabia,99,901,2296,3588,18,10,3.76,77.92,77.53,0,0,0,0,0,0,109369.0
2025-01-27 00:00:00+00:00,Six Flags,90,556,1552,2601,18,7,4.26,82.01,79.31,0,0,0,0,0,0,109369.0
2025-01-28 00:00:00+00:00,Aquarabia,92,390,1215,1884,15,10,4.13,84.62,75.9,0,0,0,0,0,0,93876.0
2025-01-28 00:00:00+00:00,Six Flags,103,1679,2125,2881,17,10,3.87,82.38,79.98,0,0,0,0,0,0,93876.0
2025-01-29 00:00:00+00:00,Six Flags,99,1131,1584,1815,16,10,4.01,75.2,82.95,0,0,0,0,0,0,96256.0
2025-01-29 00:00:00+00:00,Aquarabia,91,844,1559,2322,15,9,4.09,82.82,77.88,0,0,0,0,0,0,96256.0
2025-01-30 00:00:00+00:00,Six Flags,100,1073,1749,2861,19,9,3.74,78.02,80.32,0,0,0,0,0,0,105714.0
2025-01-30 00:00:00+00:00,Aquarabia,89,1187,1585,2334,16,9,4.06,84.77,79.04,0,0,0,0,0,0,105714.0
2025-01-31 00:00:00+00:00,Aquarabia,86,1877,2521,4305,14,7,3.67,75.73,76.13,0,0,0,0,0,0,111744.0
2025-01-31 00:00:00+00:00,Six Flags,95,1069,1836,2253,15,8,3.76,81.18,84.76,0,0,0,0,0,0,111744.0
2025-02-01 00:00:00+00:00,Aquarabia,100,655,1814,2981,17,9,3.79,76.48,80.12,0,1,0,0,0,1,102006.0
2025-02-01 00:00:00+00:00,Six Flags,100,1085,2070,2462,18,8,4.06,75.81,77.55,0,1,0,0,0,0,102006.0
2025-02-02 00:00:00+00:00,Aquarabia,92,466,1880,2073,17,6,4.25,82.94,80.84,1,0,0,0,0,0,93658.0
2025-02-02 00:00:00+00:00,Six Flags,86,1536,2064,2988,13,8,3.94,82.4,83.54,0,1,1,0,0,1,93658.0
2025-02-03 00:00:00+00:00,Aquarabia,124,899,1451,2334,19,12,4.24,81.89,75.44,0,0,0,1,0,0,79909.0
2025-02-03 00:00:00+00:00,Six Flags,130,868,1590,2014,18,15,4.08,75.95,84.85,0,0,0,0,0,0,79909.0
2025-02-04 00:00:00+00:00,Six Flags,93,902,1534,1966,18,8,3.8,77.54,76.05,0,0,0,0,1,0,101572.0
2025-02-04 00:00:00+00:00,Aquarabia,83,616,1311,2361,16,7,4.24,79.89,84.06,0,0,0,1,0,2,101572.0
2025-02-05 00:00:00+00:00,Aquarabia,140,1000,1794,2838,25,15,4.04,80.22,76.57,0,0,0,1,1,0,84616.0
2025-02-05 00:00:00+00:00,Six Flags,135,1376,2145,2944,22,16,3.98,75.45,75.03,0,1,1,0,0,0,84616.0
2025-02-06 00:00:00+00:00,Aquarabia,94,717,1677,1925,20,8,4.21,80.56,80.98,0,1,1,0,0,1,93410.0
2025-02-06 00:00:00+00:00,Six Flags,92,1012,1423,2000,21,7,4.1,76.14,84.28,0,0,0,0,0,0,93410.0
2025-02-07 00:00:00+00:00,Aquarabia,84,706,953,1190,16,9,4.21,76.21,78.81,1,1,1,0,0,0,104589.0
2025-02-07 00:00:00+00:00,Six Flags,100,1119,1724,2241,19,12,4.13,82.46,82.14,0,0,0,0,0,0,104589.0
2025-02-08 00:00:00+00:00,Six Flags,124,748,1722,2798,21,15,4.24,84.38,78.91,0,0,0,0,0,1,86203.0
2025-02-08 00:00:00+00:00,Aquarabia,136,896,1297,2307,25,15,4.18,77.77,82.42,0,0,0,0,0,0,86203.0
2025-02-09 00:00:00+00:00,Aquarabia,93,724,863,1600,15,11,4.22,84.2,77.09,0,0,0,0,0,0,90393.0
2025-02-09 00:00:00+00:00,Six Flags,85,1121,1453,2300,17,8,4.12,81.9,77.39,0,0,1,0,0,0,90393.0
2025-02-10 00:00:00+00:00,Aquarabia,80,760,1673,1778,16,7,4.18,77.67,82.79,0,1,0,2,0,0,88917.0
2025-02-10 00:00:00+00:00,Six Flags,76,1021,1443,2449,16,6,4.03,82.79,76.57,0,0,0,0,0,0,88917.0
2025-02-11 00:00:00+00:00,Aquarabia,86,570,1155,1528,14,10,4.22,78.4,84.82,0,0,0,0,0,0,93200.0
2025-02-11 00:00:00+00:00,Six Flags,101,1596,1879,3187,19,10,3.96,76.95,76.48,0,0,0,0,0,0,93200.0
2025-02-12 00:00:00+00:00,Aquarabia,78,382,1711,2283,15,8,4.14,78.95,84.6,0,0,0,0,0,0,113735.0
2025-02-12 00:00:00+00:00,Six Flags,98,442,1567,2408,18,11,4.17,75.69,77.78,1,1,0,0,0,0,113735.0
2025-02-13 00:00:00+00:00,Aquarabia,125,1271,1637,3118,23,12,4.01,83.73,75.19,0,0,1,1,0,1,88716.0
2025-02-13 00:00:00+00:00,Six Flags,133,384,975,1414,22,15,4.3,80.31,75.21,0,0,0,0,1,0,88716.0
2025-02-14 00:00:00+00:00,Aquarabia,86,633,2537,3809,16,6,3.86,79.91,83.2,0,0,0,0,0,2,104187.0
2025-02-14 00:00:00+00:00,Six Flags,100,741,2576,3758,16,9,3.84,77.3,81.15,0,2,1,0,0,0,104187.0
2025-02-15 00:00:00+00:00,Aquarabia,137,837,1631,1920,21,13,4.0,76.29,83.29,0,0,0,0,0,0,74942.0
2025-02-15 00:00:00+00:00,Six Flags,127,1393,2064,3001,19,13,4.05,80.83,75.22,1,1,0,0,0,1,74942.0
2025-02-16 00:00:00+00:00,Aquarabia,124,782,2192,2578,19,10,3.98,77.41,83.11,0,0,0,0,0,0,87437.0
2025-02-16 00:00:00+00:00,Six Flags,123,1077,1666,3125,16,12,4.11,78.87,83.56,0,0,1,0,0,1,87437.0
2025-02-17 00:00:00+00:00,Six Flags,86,695,1336,2001,15,5,4.19,79.11,78.55,1,0,1,0,0,0,94963.0
2025-02-17 00:00:00+00:00,Aquarabia,94,541,1906,2669,16,6,4.13,84.69,78.5,0,0,0,0,0,0,94963.0
2025-02-18 00:00:00+00:00,Aquarabia,90,531,2386,3601,14,8,3.76,76.38,84.59,0,0,0,0,0,0,111215.0
2025-02-18 00:00:00+00:00,Six Flags,90,1082,1242,2218,17,5,3.94,83.44,84.59,0,0,1,1,0,1,111215.0
2025-02-19 00:00:00+00:00,Aquarabia,134,674,1516,2211,19,13,4.13,76.39,77.05,0,0,0,0,0,0,71573.0
2025-02-19 00:00:00+00:00,Six Flags,129,1204,1694,1888,21,10,4.07,81.49,77.0,0,1,1,1,0,0,71573.0
2025-02-20 00:00:00+00:00,Aquarabia,94,1243,1450,2333,17,8,4.09,75.01,78.65,0,0,0,0,0,0,114415.0
2025-02-20 00:00:00+00:00,Six Flags,89,999,2964,4357,14,10,3.75,84.26,82.26,0,0,0,0,0,0,114415.0
2025-02-21 00:00:00+00:00,Six Flags,92,565,1205,2062,19,7,4.15,76.13,76.51,0,0,2,0,0,0,104793.0
2025-02-21 00:00:00+00:00,Aquarabia,93,590,1651,2583,18,8,3.88,82.19,82.63,0,0,0,0,0,0,104793.0
2025-02-22 00:00:00+00:00,Six Flags,130,783,1271,1579,23,14,4.06,78.43,80.23,0,0,0,0,0,0,80249.0
2025-02-22 00:00:00+00:00,Aquarabia,127,519,1577,1795,21,15,4.26,81.56,82.46,0,0,0,0,0,0,80249.0
2025-02-23 00:00:00+00:00,Aquarabia,78,555,1851,2241,14,7,4.0,80.36,77.95,0,0,0,0,0,0,100118.0
2025-02-23 00:00:00+00:00,Six Flags,99,405,1425,1933,16,10,4.24,77.05,82.54,0,0,0,0,0,0,100118.0
2025-02-24 00:00:00+00:00,Aquarabia,105,1742,2683,3226,17,9,3.66,80.97,78.3,0,0,0,0,0,0,113654.0
2025-02-24 00:00:00+00:00,Six Flags,97,566,1070,1969,16,8,4.16,79.45,78.16,0,0,0,0,0,0,113654.0
2025-02-25 00:00:00+00:00,Aquarabia,90,1056,2025,3382,13,8,3.99,80.84,80.42,0,0,0,0,0,0,104841.0
2025-02-25 00:00:00+00:00,Six Flags,100,417,1299,2308,17,7,4.13,78.29,76.81,0,0,0,0,0,0,104841.0
2025-02-26 00:00:00+00:00,Aquarabia,90,1053,1682,2249,14,8,4.03,83.0,75.21,0,0,0,0,0,0,115717.0
2025-02-26 00:00:00+00:00,Six Flags,92,1429,2243,2972,17,6,3.71,80.91,84.97,0,0,0,0,0,0,115717.0
2025-02-27 00:00:00+00:00,Six Flags,101,508,2309,2411,18,8,4.1,80.96,75.76,0,0,0,0,0,0,105767.0
2025-02-27 00:00:00+00:00,Aquarabia,90,1577,2688,4384,14,9,3.82,79.12,84.04,0,0,0,0,0,0,105767.0
2025-02-28 00:00:00+00:00,Aquarabia,90,1170,2121,2225,10,6,3.86,84.15,79.02,0,0,0,0,0,0,183117.0
2025-02-28 00:00:00+00:00,Six Flags,90,1233,2388,2882,9,6,3.74,84.77,80.36,0,0,0,0,0,0,183117.0
2025-02-28 00:00:00+00:00,Aquarabia,90,1358,1824,2684,10,5,3.98,82.47,79.2,0,0,0,0,0,0,183117.0
2025-02-28 00:00:00+00:00,Six Flags,103,1058,2238,3290,12,6,4.01,83.0,75.13,0,0,0,0,0,0,183117.0
2025-03-01 00:00:00+00:00,Aquarabia,93,686,1442,2791,13,5,4.19,78.48,83.65,0,0,0,0,0,0,111823.0
2025-03-01 00:00:00+00:00,Six Flags,86,925,2097,2551,11,6,4.09,78.78,82.47,0,0,0,0,0,0,111823.0
2025-03-02 00:00:00+00:00,Six Flags,106,1848,2379,3201,14,7,3.92,77.56,80.63,1,0,0,0,0,0,103701.0
2025-03-02 00:00:00+00:00,Aquarabia,96,334,1051,1883,12,7,4.25,75.74,78.32,0,0,0,0,0,0,103701.0
2025-03-03 00:00:00+00:00,Aquarabia,129,1061,1697,2566,15,11,4.05,79.58,80.64,1,0,0,0,0,0,82042.0
2025-03-03 00:00:00+00:00,Six Flags,137,956,2657,3561,17,10,4.02,82.69,76.97,0,1,0,0,0,1,82042.0
2025-03-04 00:00:00+00:00,Aquarabia,77,680,2500,3298,15,6,4.06,81.88,83.85,0,0,0,0,0,0,93695.0
2025-03-04 00:00:00+00:00,Six Flags,82,1868,2217,2990,14,9,3.81,79.58,77.44,1,0,1,1,0,0,93695.0
2025-03-05 00:00:00+00:00,Aquarabia,86,641,1565,2130,15,7,4.08,77.57,81.43,1,0,0,0,0,0,122340.0
2025-03-05 00:00:00+00:00,Six Flags,93,452,1444,2197,17,7,4.1,80.51,79.86,0,1,0,1,0,0,122340.0
2025-03-06 00:00:00+00:00,Six Flags,96,1191,2261,3281,16,10,3.84,83.05,77.83,0,0,0,0,0,0,105799.0
2025-03-06 00:00:00+00:00,Aquarabia,89,1085,1738,2776,17,7,3.92,77.36,77.87,1,1,0,0,0,1,105799.0
2025-03-07 00:00:00+00:00,Six Flags,86,1479,1888,3384,15,10,3.78,79.37,84.81,0,0,0,0,0,1,98108.0
2025-03-07 00:00:00+00:00,Aquarabia,78,600,1512,2191,15,7,4.16,84.39,82.05,1,0,0,0,1,0,98108.0
2025-03-08 00:00:00+00:00,Aquarabia,83,861,1436,2120,17,7,3.93,78.57,81.54,0,1,0,0,1,1,113125.0
2025-03-08 00:00:00+00:00,Six Flags,93,376,1426,2776,19,8,4.28,76.01,79.74,0,0,2,0,0,0,113125.0
2025-03-09 00:00:00+00:00,Aquarabia,105,536,1684,2189,18,10,4.1,84.48,84.36,1,0,0,0,1,0,111986.0
2025-03-09 00:00:00+00:00,Six Flags,83,779,2348,3994,13,9,3.97,81.75,78.95,0,0,1,0,1,0,111986.0
2025-03-10 00:00:00+00:00,Aquarabia,83,530,1353,1481,15,5,4.14,83.72,75.1,0,0,0,0,0,0,96181.0
2025-03-10 00:00:00+00:00,Six Flags,86,565,1903,2963,12,9,3.88,82.48,76.39,0,0,0,0,0,0,96181.0
2025-03-11 00:00:00+00:00,Aquarabia,90,1297,1640,2887,16,6,4.01,76.57,77.41,0,0,0,1,0,0,104509.0
2025-03-11 00:00:00+00:00,Six Flags,104,678,1361,2000,15,9,4.22,77.2,78.35,1,1,0,0,0,0,104509.0
2025-03-12 00:00:00+00:00,Aquarabia,73,1241,1560,2967,13,5,4.05,76.45,76.55,0,1,0,0,0,1,114952.0
2025-03-12 00:00:00+00:00,Six Flags,108,687,2149,3668,17,10,4.01,81.42,76.33,0,0,0,0,0,0,114952.0
2025-03-13 00:00:00+00:00,Aquarabia,75,1502,2517,3540,14,6,3.85,76.95,83.44,0,1,1,0,0,1,109478.0
2025-03-13 00:00:00+00:00,Six Flags,84,601,1283,1603,14,9,4.15,80.26,75.95,0,0,1,0,0,0,109478.0
2025-03-14 00:00:00+00:00,Aquarabia,133,743,1182,2018,21,16,4.17,83.16,75.95,1,0,0,1,0,0,81164.0
2025-03-14 00:00:00+00:00,Six Flags,135,1259,1782,2272,22,15,3.95,80.81,79.93,0,0,0,0,0,0,81164.0
2025-03-15 00:00:00+00:00,Aquarabia,91,685,2177,3487,16,10,3.78,83.56,76.47,0,0,1,0,1,0,88958.0
2025-03-15 00:00:00+00:00,Six Flags,93,790,1540,1939,18,8,3.85,75.51,84.2,0,0,0,0,0,0,88958.0
2025-03-16 00:00:00+00:00,Six Flags,129,1234,2228,3707,23,11,3.76,82.62,79.83,0,0,0,0,0,0,76840.0
2025-03-16 00:00:00+00:00,Aquarabia,117,610,1696,2272,18,12,4.14,79.65,83.68,0,0,1,0,1,0,76840.0
2025-03-17 00:00:00+00:00,Six Flags,118,1778,1859,2606,18,10,4.11,83.79,75.72,0,0,0,0,0,0,86182.0
2025-03-17 00:00:00+00:00,Aquarabia,129,1122,1346,2271,19,12,4.08,84.67,83.43,0,1,0,0,0,0,86182.0
2025-03-18 00:00:00+00:00,Aquarabia,101,352,1077,1773,16,8,4.27,80.82,79.49,0,0,0,0,0,0,118871.0
2025-03-18 00:00:00+00:00,Six Flags,99,894,2158,3675,16,7,3.84,83.19,78.1,0,0,0,0,0,0,118871.0
2025-03-19 00:00:00+00:00,Aquarabia,84,975,1405,1462,13,8,4.15,76.44,84.98,0,0,0,0,0,0,92597.0
2025-03-19 00:00:00+00:00,Six Flags,89,1156,1690,2616,15,7,3.74,77.98,82.26,0,0,0,0,0,0,92597.0
2025-03-20 00:00:00+00:00,Aquarabia,80,1438,1746,3086,15,7,3.94,78.94,81.05,0,0,0,0,0,0,103646.0
2025-03-20 00:00:00+00:00,Six Flags,83,1348,1681,2174,14,9,4.06,75.61,84.52,0,0,0,0,0,0,103646.0
2025-03-21 00:00:00+00:00,Aquarabia,75,840,2074,2873,17,6,3.95,82.19,83.33,0,0,0,0,0,0,103543.0
2025-03-21 00:00:00+00:00,Six Flags,102,1032,1598,1880,21,11,4.18,79.82,75.27,0,0,0,0,0,0,103543.0
2025-03-22 00:00:00+00:00,Six Flags,94,1267,2005,3316,18,10,3.79,75.93,80.28,0,0,0,0,0,0,120839.0
2025-03-22 00:00:00+00:00,Aquarabia,81,841,1898,2917,18,6,4.1,76.97,75.35,0,0,0,0,0,0,120839.0
2025-03-23 00:00:00+00:00,Aquarabia,79,1112,1490,2869,16,7,3.96,83.22,77.41,0,0,0,0,0,0,113290.0
2025-03-23 00:00:00+00:00,Six Flags,91,895,1453,2025,19,7,4.16,75.94,75.72,0,0,0,0,0,0,113290.0
2025-03-24 00:00:00+00:00,Aquarabia,83,1648,2170,3382,15,7,3.64,80.28,76.06,0,0,0,0,0,0,103931.0
2025-03-24 00:00:00+00:00,Six Flags,87,687,1443,2177,15,8,4.14,83.46,78.91,0,0,0,0,0,0,103931.0
2025-03-25 00:00:00+00:00,Aquarabia,87,875,1798,2558,16,7,4.13,80.62,75.27,0,0,0,0,0,0,99686.0
2025-03-25 00:00:00+00:00,Six Flags,85,960,1402,2002,17,6,4.11,80.08,83.62,0,0,0,0,0,0,99686.0
2025-03-26 00:00:00+00:00,Six Flags,78,715,2437,3626,15,6,3.95,75.02,76.81,0,0,0,0,0,0,110113.0
2025-03-26 00:00:00+00:00,Aquarabia,81,551,1558,1939,15,6,4.25,80.59,82.44,0,0,0,0,0,0,110113.0
2025-03-27 00:00:00+00:00,Six Flags,84,1019,1605,1913,13,9,4.23,79.28,77.5,0,0,0,0,0,0,121690.0
2025-03-27 00:00:00+00:00,Aquarabia,85,549,1129,1716,16,6,4.22,77.33,75.41,0,0,0,0,0,0,121690.0
2025-03-28 00:00:00+00:00,Aquarabia,80,921,3101,4121,14,8,3.83,79.83,81.7,0,0,0,0,0,0,103684.0
2025-03-28 00:00:00+00:00,Six Flags,91,1251,2496,3565,17,9,3.73,83.66,81.09,0,0,0,0,0,0,103684.0
2025-03-29 00:00:00+00:00,Aquarabia,81,298,1251,1923,14,7,4.22,75.09,80.15,0,0,0,0,0,0,107267.0
2025-03-29 00:00:00+00:00,Six Flags,79,1199,1405,2058,13,7,3.97,78.87,79.62,0,0,0,0,0,0,107267.0
2025-03-30 00:00:00+00:00,Aquarabia,94,824,1499,1879,16,11,4.21,83.89,78.09,0,0,0,0,0,0,122068.0
2025-03-30 00:00:00+00:00,Six Flags,93,546,1148,2021,17,9,4.17,76.75,84.58,0,0,0,0,0,0,122068.0
2025-03-31 00:00:00+00:00,Aquarabia,97,648,2723,3566,17,10,4.03,75.77,79.94,0,0,0,0,0,0,105780.0
2025-03-31 00:00:00+00:00,Six Flags,87,1009,2049,2413,14,10,3.82,84.96,79.84,0,0,0,0,0,0,105780.0
2025-04-01 00:00:00+00:00,Six Flags,133,576,1414,1808,21,14,4.28,77.86,84.51,0,0,0,1,1,0,45075.0
2025-04-01 00:00:00+00:00,Aquarabia,136,871,1785,3129,22,13,3.96,75.33,84.56,0,0,0,1,1,1,45075.0
2025-04-02 00:00:00+00:00,Aquarabia,140,808,1162,1647,20,13,4.21,79.51,77.77,1,0,0,0,0,1,46681.0
2025-04-02 00:00:00+00:00,Six Flags,121,1216,2282,3377,19,10,3.72,81.62,77.42,0,0,0,0,0,0,46681.0
2025-04-03 00:00:00+00:00,Aquarabia,113,545,1770,2224,18,10,4.2,79.6,80.25,0,0,0,0,1,1,60309.0
2025-04-03 00:00:00+00:00,Six Flags,140,1216,1868,2577,22,13,3.63,78.57,82.05,0,0,0,0,0,0,60309.0
2025-04-04 00:00:00+00:00,Aquarabia,128,983,2624,3544,19,14,3.8,82.83,82.15,0,0,1,0,0,0,55004.0
2025-04-04 00:00:00+00:00,Six Flags,135,1266,1602,2770,22,12,3.64,84.69,77.45,0,0,0,1,1,0,55004.0
2025-04-05 00:00:00+00:00,Six Flags,124,723,1472,2477,23,15,3.89,78.26,79.48,1,0,0,0,0,0,56758.0
2025-04-05 00:00:00+00:00,Aquarabia,134,1021,1788,2008,25,16,4.22,76.45,79.53,0,0,1,0,2,0,56758.0
2025-04-06 00:00:00+00:00,Aquarabia,126,806,1324,1854,24,19,4.29,82.55,84.23,0,0,0,0,0,0,62814.0
2025-04-06 00:00:00+00:00,Six Flags,125,1210,1544,2109,27,16,4.11,79.22,81.24,1,0,0,0,0,0,62814.0
2025-04-07 00:00:00+00:00,Aquarabia,128,459,1758,2697,22,18,3.97,81.66,81.18,1,1,1,0,0,0,44547.0
2025-04-07 00:00:00+00:00,Six Flags,131,1415,1994,3531,22,18,3.96,84.79,81.02,0,1,0,0,0,1,44547.0
2025-04-08 00:00:00+00:00,Aquarabia,146,485,1303,2059,25,17,4.0,77.51,77.4,0,1,0,0,0,1,56708.0
2025-04-08 00:00:00+00:00,Six Flags,125,427,1678,2471,24,12,3.99,81.21,79.13,0,1,0,0,0,0,56708.0
2025-04-09 00:00:00+00:00,Aquarabia,133,865,1510,1963,20,15,4.02,78.46,83.02,0,0,0,0,0,0,66470.0
2025-04-09 00:00:00+00:00,Six Flags,132,977,1335,2103,22,13,4.15,81.63,77.22,1,0,0,0,0,1,66470.0
2025-04-10 00:00:00+00:00,Aquarabia,131,681,1823,2432,20,16,4.1,77.41,81.87,0,0,0,1,1,1,68110.0
2025-04-10 00:00:00+00:00,Six Flags,117,581,1819,2878,21,11,4.08,78.55,82.49,0,0,0,0,0,0,68110.0
2025-04-11 00:00:00+00:00,Aquarabia,131,419,2004,2387,20,15,4.2,81.13,81.56,0,0,1,1,0,0,61201.0
2025-04-11 00:00:00+00:00,Six Flags,130,841,1496,2588,22,13,4.04,84.87,82.74,0,0,2,0,0,0,61201.0
2025-04-12 00:00:00+00:00,Aquarabia,118,350,1322,2297,20,13,4.2,83.77,83.38,2,1,0,0,0,0,55315.0
2025-04-12 00:00:00+00:00,Six Flags,123,495,1185,2026,22,12,4.2,77.51,76.89,0,2,0,1,0,0,55315.0
2025-04-13 00:00:00+00:00,Aquarabia,110,668,1451,2060,19,11,4.1,75.22,79.69,0,0,0,0,0,0,64433.0
2025-04-13 00:00:00+00:00,Six Flags,124,480,1890,2161,19,14,3.87,81.04,80.13,0,0,0,1,1,0,64433.0
2025-04-14 00:00:00+00:00,Six Flags,123,478,1276,1999,20,13,4.21,78.86,83.11,0,0,0,0,0,0,73905.0
2025-04-14 00:00:00+00:00,Aquarabia,128,896,1875,3768,19,15,3.97,81.12,76.72,0,0,0,0,0,0,73905.0
2025-04-15 00:00:00+00:00,Aquarabia,118,1447,2134,2789,20,13,3.85,80.98,77.11,0,0,0,0,0,0,75695.0
2025-04-15 00:00:00+00:00,Six Flags,111,943,1395,2012,19,11,4.23,77.23,82.76,2,0,1,0,0,0,75695.0
2025-04-16 00:00:00+00:00,Aquarabia,122,1704,2411,3104,20,15,3.91,84.79,75.87,0,0,0,0,0,0,73886.0
2025-04-16 00:00:00+00:00,Six Flags,136,1201,1913,2805,22,16,4.16,82.89,82.67,0,0,0,0,0,0,73886.0
2025-04-17 00:00:00+00:00,Aquarabia,130,633,1024,1574,23,16,4.13,79.54,79.16,0,0,0,0,0,0,75195.0
2025-04-17 00:00:00+00:00,Six Flags,145,1162,1882,2981,27,17,3.79,76.15,80.54,0,0,0,0,0,0,75195.0
2025-04-18 00:00:00+00:00,Six Flags,131,668,1455,2278,21,16,4.14,80.93,76.13,0,0,0,0,0,0,68051.0
2025-04-18 00:00:00+00:00,Aquarabia,128,860,1531,2384,21,15,4.09,82.53,79.76,0,0,0,0,0,0,68051.0
2025-04-19 00:00:00+00:00,Six Flags,125,477,1506,2588,22,15,4.19,77.67,75.12,0,0,0,0,0,0,64027.0
2025-04-19 00:00:00+00:00,Aquarabia,116,494,1163,1730,23,12,4.18,81.39,84.51,0,0,0,0,0,0,64027.0
2025-04-20 00:00:00+00:00,Aquarabia,136,1401,1749,3145,25,15,4.05,77.79,75.09,0,0,0,0,0,0,75345.0
2025-04-20 00:00:00+00:00,Six Flags,131,1687,2033,3253,21,17,3.99,84.2,77.25,0,0,0,0,0,0,75345.0
2025-04-21 00:00:00+00:00,Aquarabia,119,536,1155,1548,21,14,4.3,83.3,76.78,0,0,0,0,0,0,71005.0
2025-04-21 00:00:00+00:00,Six Flags,113,1219,2381,3893,20,12,3.67,75.49,81.56,0,0,0,0,0,0,71005.0
2025-04-22 00:00:00+00:00,Aquarabia,139,554,1219,1670,26,14,4.12,78.82,80.19,0,0,0,0,0,0,62336.0
2025-04-22 00:00:00+00:00,Six Flags,132,661,1416,1885,24,14,4.27,78.86,84.6,0,0,0,0,0,0,62336.0
2025-04-23 00:00:00+00:00,Aquarabia,135,1491,1962,3145,21,15,3.87,75.78,76.08,0,0,0,0,0,0,62596.0
2025-04-23 00:00:00+00:00,Six Flags,126,945,1668,2397,19,15,4.12,76.12,83.57,0,0,0,0,0,0,62596.0
2025-04-24 00:00:00+00:00,Six Flags,137,326,1157,1934,20,15,4.33,84.16,76.72,0,0,0,0,0,0,75975.0
2025-04-24 00:00:00+00:00,Aquarabia,134,609,1682,2042,22,13,4.1,80.4,82.67,0,0,0,0,0,0,75975.0
2025-04-25 00:00:00+00:00,Aquarabia,111,1618,2514,3271,17,10,3.66,79.16,82.71,0,0,0,0,0,0,57894.0
2025-04-25 00:00:00+00:00,Six Flags,128,501,1463,1941,20,12,4.24,81.77,80.27,0,0,0,0,0,0,57894.0
2025-04-26 00:00:00+00:00,Aquarabia,136,1686,2739,4269,21,13,3.79,78.01,76.4,0,0,0,0,0,0,68140.0
2025-04-26 00:00:00+00:00,Six Flags,138,903,1905,2810,22,12,3.92,77.79,84.93,0,0,0,0,0,0,68140.0
2025-04-27 00:00:00+00:00,Aquarabia,127,618,1443,1859,22,11,4.28,79.03,76.92,0,0,0,0,0,0,57362.0
2025-04-27 00:00:00+00:00,Six Flags,128,1057,1741,2258,22,11,3.94,77.56,79.64,0,0,0,0,0,0,57362.0
2025-04-28 00:00:00+00:00,Six Flags,122,883,1584,2240,21,13,3.96,79.6,79.89,0,0,0,0,0,0,76746.0
2025-04-28 00:00:00+00:00,Aquarabia,128,616,1683,1933,21,16,4.23,81.66,78.44,0,0,0,0,0,0,76746.0
2025-04-29 00:00:00+00:00,Aquarabia,139,1076,1704,2571,24,16,4.06,78.52,76.53,0,0,0,0,0,0,63130.0
2025-04-29 00:00:00+00:00,Six Flags,135,1216,1600,2512,22,17,4.05,84.82,78.33,0,0,0,0,0,0,63130.0
2025-04-30 00:00:00+00:00,Aquarabia,115,536,2233,2994,20,11,4.07,83.17,84.45,0,0,0,0,0,0,49862.0
2025-04-30 00:00:00+00:00,Six Flags,128,456,1144,2105,20,14,4.25,83.78,80.77,0,0,0,0,0,0,49862.0
2025-05-01 00:00:00+00:00,Aquarabia,142,1267,1818,3443,23,14,4.05,77.24,80.93,1,0,1,0,0,0,54469.0
2025-05-01 00:00:00+00:00,Six Flags,133,746,1735,2110,22,13,3.95,76.24,77.77,1,1,1,0,0,0,54469.0
2025-05-02 00:00:00+00:00,Aquarabia,138,1197,1701,1993,20,13,4.15,79.28,80.3,0,0,0,0,0,0,49363.0
2025-05-02 00:00:00+00:00,Six Flags,140,1746,2488,3497,21,12,3.86,75.95,78.55,0,0,1,1,0,1,49363.0
2025-05-03 00:00:00+00:00,Six Flags,117,844,1757,2107,16,11,4.01,79.98,75.25,1,0,0,1,0,1,44761.0
2025-05-03 00:00:00+00:00,Aquarabia,134,759,1624,2623,18,14,3.93,84.53,84.38,2,0,0,0,0,1,44761.0
2025-05-04 00:00:00+00:00,Aquarabia,130,1237,1325,1817,18,14,4.16,82.16,75.32,0,1,0,0,0,0,53701.0
2025-05-04 00:00:00+00:00,Six Flags,124,799,1791,2550,19,12,3.96,82.64,76.54,1,1,0,0,0,0,53701.0
2025-05-05 00:00:00+00:00,Aquarabia,126,593,1709,2931,18,14,3.77,82.9,82.3,0,0,0,0,0,0,54358.0
2025-05-05 00:00:00+00:00,Six Flags,141,1384,2648,3772,21,15,3.95,81.42,79.6,0,0,0,0,0,0,54358.0
2025-05-06 00:00:00+00:00,Aquarabia,123,1244,1995,3711,21,13,3.77,79.58,79.95,0,0,0,0,1,1,54923.0
2025-05-06 00:00:00+00:00,Six Flags,132,636,1066,1637,24,13,4.22,83.05,83.62,0,0,1,0,0,1,54923.0
2025-05-07 00:00:00+00:00,Six Flags,142,958,2160,3599,23,17,3.75,78.92,77.75,0,0,0,0,1,0,44759.0
2025-05-07 00:00:00+00:00,Aquarabia,123,1425,2653,2814,22,12,3.89,82.58,79.61,1,0,0,0,0,1,44759.0
2025-05-08 00:00:00+00:00,Six Flags,135,750,1275,2595,22,14,3.98,79.0,78.71,1,0,0,1,0,0,37021.0
2025-05-08 00:00:00+00:00,Aquarabia,130,937,1869,2777,19,15,4.15,83.47,78.67,1,0,1,0,0,1,37021.0
2025-05-09 00:00:00+00:00,Aquarabia,128,951,1723,2572,20,13,4.17,84.45,81.41,0,1,0,0,0,0,36608.0
2025-05-09 00:00:00+00:00,Six Flags,143,812,1855,3077,22,15,3.92,76.32,78.64,0,0,0,0,0,0,36608.0
2025-05-10 00:00:00+00:00,Aquarabia,132,831,1375,2172,22,12,4.12,75.86,78.86,0,0,0,0,0,0,42962.0
2025-05-10 00:00:00+00:00,Six Flags,125,684,1420,1988,21,11,4.03,77.65,78.1,0,0,0,0,0,0,42962.0
2025-05-11 00:00:00+00:00,Aquarabia,117,792,1404,1759,20,13,4.13,82.46,79.42,0,0,0,0,1,0,47822.0
2025-05-11 00:00:00+00:00,Six Flags,132,1573,2062,2995,21,16,3.73,76.88,76.04,0,0,0,0,0,0,47822.0
2025-05-12 00:00:00+00:00,Six Flags,139,1872,2541,4064,26,14,3.66,76.86,76.27,0,0,0,0,0,0,40070.0
2025-05-12 00:00:00+00:00,Aquarabia,143,692,1863,3016,25,16,4.14,79.57,79.72,0,0,1,0,0,0,40070.0
2025-05-13 00:00:00+00:00,Six Flags,147,1125,1731,2496,25,17,4.07,78.95,79.78,0,0,0,0,0,0,53243.0
2025-05-13 00:00:00+00:00,Aquarabia,132,1490,2511,5081,24,13,3.69,79.78,76.63,0,0,0,0,0,0,53243.0
2025-05-14 00:00:00+00:00,Aquarabia,116,1119,2039,2612,19,11,4.2,83.03,78.3,0,0,0,0,0,0,50403.0
2025-05-14 00:00:00+00:00,Six Flags,130,443,1553,2091,19,15,4.01,75.74,79.65,0,0,0,0,0,0,50403.0
2025-05-15 00:00:00+00:00,Aquarabia,140,964,2025,2468,22,12,4.01,84.84,78.22,0,0,0,0,1,0,31004.0
2025-05-15 00:00:00+00:00,Six Flags,126,957,2131,2919,21,10,3.98,84.77,75.66,0,0,0,0,0,0,31004.0
2025-05-16 00:00:00+00:00,Aquarabia,134,608,1032,2088,19,15,4.17,79.31,80.36,0,0,1,0,0,0,34590.0
2025-05-16 00:00:00+00:00,Six Flags,135,863,3102,3250,22,13,3.72,79.46,81.6,0,0,0,0,0,0,34590.0
2025-05-17 00:00:00+00:00,Aquarabia,117,1576,2009,3738,19,11,3.93,78.27,76.96,0,0,0,0,0,0,45392.0
2025-05-17 00:00:00+00:00,Six Flags,124,780,1112,1527,19,13,4.28,83.48,81.66,0,0,0,0,0,0,45392.0
2025-05-18 00:00:00+00:00,Six Flags,123,1493,3096,4744,22,12,3.72,78.24,83.27,0,0,0,0,0,0,38752.0
2025-05-18 00:00:00+00:00,Aquarabia,130,1881,2239,3288,22,13,3.87,76.64,80.57,0,0,0,0,0,0,38752.0
2025-05-19 00:00:00+00:00,Aquarabia,129,721,1589,2498,23,11,4.27,76.23,83.49,0,0,0,0,0,0,51727.0
2025-05-19 00:00:00+00:00,Six Flags,130,842,1368,1662,20,14,4.12,84.04,83.21,0,0,0,0,0,0,51727.0
2025-05-20 00:00:00+00:00,Aquarabia,134,901,1318,2043,18,12,4.1,82.34,82.99,0,0,0,0,0,0,38204.0
2025-05-20 00:00:00+00:00,Six Flags,135,609,1116,1643,20,11,4.24,83.12,84.25,0,0,0,0,0,0,38204.0
2025-05-21 00:00:00+00:00,Aquarabia,120,1531,2575,3648,19,9,3.81,78.56,78.84,0,0,0,0,0,0,53565.0
2025-05-21 00:00:00+00:00,Six Flags,143,1575,1759,3121,20,14,3.7,84.81,79.98,0,0,0,0,0,0,53565.0
2025-05-22 00:00:00+00:00,Six Flags,124,707,2296,2714,18,13,3.92,84.9,75.14,0,0,0,0,0,0,49384.0
2025-05-22 00:00:00+00:00,Aquarabia,127,472,1339,2504,20,11,4.22,82.43,80.55,0,0,0,0,0,0,49384.0
2025-05-23 00:00:00+00:00,Aquarabia,138,427,1153,1985,24,14,4.19,84.03,79.61,0,0,0,0,0,0,52810.0
2025-05-23 00:00:00+00:00,Six Flags,127,525,1148,1868,19,15,4.3,81.47,76.78,0,0,0,0,0,0,52810.0
2025-05-24 00:00:00+00:00,Aquarabia,137,1264,2421,3021,24,17,3.65,79.05,82.82,0,0,0,0,0,0,36476.0
2025-05-24 00:00:00+00:00,Six Flags,132,521,2000,2819,23,17,4.16,76.57,76.23,0,0,0,0,0,0,36476.0
2025-05-25 00:00:00+00:00,Aquarabia,120,1683,2381,2783,22,14,3.83,84.87,78.61,0,0,0,0,0,0,45113.0
2025-05-25 00:00:00+00:00,Six Flags,126,1766,2427,3870,22,16,3.72,80.84,83.92,0,0,0,0,0,0,45113.0
2025-05-26 00:00:00+00:00,Aquarabia,142,1115,1975,2647,26,16,3.97,78.4,80.76,0,0,0,0,0,0,50272.0
2025-05-26 00:00:00+00:00,Six Flags,125,732,2159,2923,25,12,4.2,82.37,83.68,0,0,0,0,0,0,50272.0
2025-05-27 00:00:00+00:00,Aquarabia,142,1257,1872,2740,25,18,3.66,76.97,79.98,0,0,0,0,0,0,45132.0
2025-05-27 00:00:00+00:00,Six Flags,115,792,1130,1804,21,13,4.17,76.88,76.43,0,0,0,0,0,0,45132.0
2025-05-28 00:00:00+00:00,Aquarabia,126,987,1659,2364,20,15,4.19,78.82,82.34,0,0,0,0,0,0,45140.0
2025-05-28 00:00:00+00:00,Six Flags,132,611,1624,2143,21,15,4.16,77.11,81.65,0,0,0,0,0,0,45140.0
2025-05-29 00:00:00+00:00,Aquarabia,118,868,1906,2830,20,13,4.0,76.41,81.01,0,0,0,0,0,0,52368.0
2025-05-29 00:00:00+00:00,Six Flags,115,846,1445,2744,20,12,3.9,77.6,82.87,0,0,0,0,0,0,52368.0
2025-05-30 00:00:00+00:00,Aquarabia,123,1051,1796,2608,22,11,3.83,83.79,80.52,0,0,0,0,0,0,50493.0
2025-05-30 00:00:00+00:00,Six Flags,128,1563,2299,2982,22,11,3.87,80.68,77.05,0,0,0,0,0,0,50493.0
2025-05-31 00:00:00+00:00,Six Flags,124,625,2579,3231,21,12,3.9,78.57,84.48,0,0,0,0,0,0,55416.0
2025-05-31 00:00:00+00:00,Aquarabia,123,688,2689,2943,22,11,3.85,79.61,82.45,0,0,0,0,0,0,55416.0
2025-06-01 00:00:00+00:00,Six Flags,82,430,1317,1681,15,6,4.2,82.46,76.61,0,0,0,0,2,1,133112.0
2025-06-01 00:00:00+00:00,Aquarabia,86,1009,1360,1871,16,6,4.16,83.31,75.77,1,0,0,0,0,1,133112.0
2025-06-02 00:00:00+00:00,Aquarabia,89,443,1470,1711,16,5,4.17,83.09,82.51,0,0,0,0,0,0,140895.0
2025-06-02 00:00:00+00:00,Six Flags,87,573,1249,2332,14,7,4.05,77.09,83.13,0,0,0,1,0,0,140895.0
2025-06-03 00:00:00+00:00,Aquarabia,94,540,1655,2179,13,9,4.04,77.94,80.71,1,1,0,0,0,1,138460.0
2025-06-03 00:00:00+00:00,Six Flags,77,903,1748,1911,13,5,4.02,81.44,80.01,0,0,0,0,0,0,138460.0
2025-06-04 00:00:00+00:00,Aquarabia,97,381,1197,1549,14,6,4.25,83.79,75.56,0,0,0,0,1,0,133174.0
2025-06-04 00:00:00+00:00,Six Flags,88,1262,1712,1996,10,8,4.1,82.2,82.68,0,1,0,1,0,0,133174.0
2025-06-05 00:00:00+00:00,Aquarabia,94,749,1672,2288,15,6,4.26,84.2,78.13,0,0,0,1,1,0,160808.0
2025-06-05 00:00:00+00:00,Six Flags,89,1134,1230,2425,13,7,3.85,78.59,83.81,0,0,0,0,1,0,160808.0
2025-06-06 00:00:00+00:00,Aquarabia,93,503,1890,2561,13,8,4.24,78.66,82.2,0,0,0,0,1,0,147491.0
2025-06-06 00:00:00+00:00,Six Flags,95,927,1631,2657,15,6,3.91,80.74,83.31,0,1,1,1,0,0,147491.0
2025-06-07 00:00:00+00:00,Aquarabia,100,1223,1903,2321,14,7,3.82,76.2,79.0,0,0,1,0,0,1,177597.0
2025-06-07 00:00:00+00:00,Six Flags,96,605,1767,2364,12,8,4.21,75.59,79.7,0,0,0,0,1,0,177597.0
2025-06-08 00:00:00+00:00,Aquarabia,90,1224,1669,2356,16,5,4.19,78.77,83.85,0,0,0,0,0,0,133891.0
2025-06-08 00:00:00+00:00,Six Flags,89,1457,1740,2232,13,8,4.08,78.86,83.29,1,0,0,0,1,0,133891.0
2025-06-09 00:00:00+00:00,Aquarabia,78,1057,1626,1845,12,6,4.07,83.1,81.5,1,0,0,0,0,0,136649.0
2025-06-09 00:00:00+00:00,Six Flags,104,1161,1228,1787,15,8,4.21,79.81,77.78,0,1,0,0,1,1,136649.0
2025-06-10 00:00:00+00:00,Six Flags,78,1250,1769,2192,13,5,4.17,81.89,76.25,1,0,0,0,0,0,108604.0
2025-06-10 00:00:00+00:00,Aquarabia,90,604,2038,3107,13,8,3.82,84.59,84.77,0,0,0,0,0,0,108604.0
2025-06-11 00:00:00+00:00,Aquarabia,96,1456,2106,2326,18,8,3.71,83.34,82.46,0,0,1,0,0,1,150240.0
2025-06-11 00:00:00+00:00,Six Flags,93,1244,1740,2579,15,11,4.02,84.42,84.68,1,0,0,1,0,0,150240.0
2025-06-12 00:00:00+00:00,Aquarabia,77,845,1747,2450,15,5,4.07,78.93,83.05,0,0,0,0,0,0,132572.0
2025-06-12 00:00:00+00:00,Six Flags,89,861,1412,1997,17,7,4.22,83.06,75.06,1,0,0,0,0,1,132572.0
2025-06-13 00:00:00+00:00,Aquarabia,94,737,1723,2604,16,10,4.07,84.44,80.42,0,0,0,0,0,0,145934.0
2025-06-13 00:00:00+00:00,Six Flags,94,482,1380,2094,17,9,4.28,75.08,81.67,0,2,0,1,0,0,145934.0
2025-06-14 00:00:00+00:00,Six Flags,83,712,1598,2642,16,6,4.29,84.19,77.91,0,0,0,0,1,0,101802.0
2025-06-14 00:00:00+00:00,Aquarabia,87,1212,1976,2965,16,7,3.86,83.06,83.39,0,1,1,0,1,0,101802.0
2025-06-15 00:00:00+00:00,Six Flags,78,1688,2714,3989,14,5,3.71,75.94,80.94,0,0,0,0,1,0,118029.0
2025-06-15 00:00:00+00:00,Aquarabia,91,886,1106,1727,14,9,4.06,84.72,76.78,0,0,0,1,0,0,118029.0
2025-06-16 00:00:00+00:00,Aquarabia,86,831,1777,2689,16,7,3.82,78.97,83.92,0,1,0,0,0,0,158954.0
2025-06-16 00:00:00+00:00,Six Flags,98,1515,2396,4465,17,9,3.69,78.9,82.16,0,0,0,0,0,0,158954.0
2025-06-17 00:00:00+00:00,Aquarabia,85,532,1333,2427,17,7,4.24,81.08,76.07,1,1,1,0,0,0,147199.0
2025-06-17 00:00:00+00:00,Six Flags,89,666,892,1598,16,8,4.18,76.68,80.98,0,0,0,0,0,0,147199.0
2025-06-18 00:00:00+00:00,Aquarabia,90,1251,1496,2696,19,9,3.87,80.11,84.69,0,0,1,0,0,0,95163.0
2025-06-18 00:00:00+00:00,Six Flags,81,484,1560,2474,16,9,4.18,81.56,77.18,0,0,0,0,0,0,95163.0
2025-06-19 00:00:00+00:00,Aquarabia,87,527,1942,2485,19,8,4.29,83.21,81.19,0,0,0,0,0,0,163129.0
2025-06-19 00:00:00+00:00,Six Flags,105,583,1705,2629,20,12,4.0,76.75,79.93,0,0,0,0,0,0,163129.0
2025-06-20 00:00:00+00:00,Six Flags,107,1107,1962,3123,19,11,3.82,75.45,77.95,0,0,0,0,0,0,132972.0
2025-06-20 00:00:00+00:00,Aquarabia,79,1213,1910,3161,15,7,3.72,81.63,78.65,1,0,0,1,0,1,132972.0
2025-06-21 00:00:00+00:00,Aquarabia,95,1412,2986,4361,19,9,3.69,77.85,82.67,0,0,0,0,0,0,144058.0
2025-06-21 00:00:00+00:00,Six Flags,98,708,1367,2019,18,10,4.17,83.9,75.86,0,0,0,0,0,0,144058.0
2025-06-22 00:00:00+00:00,Aquarabia,98,1351,1473,2212,20,9,4.15,76.81,83.1,0,0,1,0,0,0,139507.0
2025-06-22 00:00:00+00:00,Six Flags,72,1144,1975,3052,16,6,4.02,79.52,75.92,0,0,0,0,0,0,139507.0
2025-06-23 00:00:00+00:00,Aquarabia,78,583,1847,2614,16,6,4.23,75.89,75.97,0,0,0,0,0,0,132108.0
2025-06-23 00:00:00+00:00,Six Flags,100,1186,1710,2828,19,10,4.03,76.47,83.53,0,0,0,0,0,0,132108.0
2025-06-24 00:00:00+00:00,Six Flags,85,1163,1295,2526,15,10,4.11,79.68,80.63,0,0,0,0,0,0,126448.0
2025-06-24 00:00:00+00:00,Aquarabia,90,1355,1793,2096,19,7,4.01,76.07,76.61,0,0,0,0,0,0,126448.0
2025-06-25 00:00:00+00:00,Aquarabia,72,739,1473,1939,14,6,4.15,77.04,78.74,0,0,0,0,0,0,152122.0
2025-06-25 00:00:00+00:00,Six Flags,99,1129,1590,2239,17,11,4.18,82.38,76.68,0,0,0,0,0,0,152122.0
2025-06-26 00:00:00+00:00,Aquarabia,79,828,2577,3295,13,7,4.06,83.11,81.98,0,0,0,0,0,0,135635.0
2025-06-26 00:00:00+00:00,Six Flags,96,608,1517,1677,16,9,4.23,82.9,81.28,0,0,0,0,0,0,135635.0
2025-06-27 00:00:00+00:00,Aquarabia,77,1055,1368,2244,15,7,3.99,81.86,76.81,0,0,0,0,0,0,170372.0
2025-06-27 00:00:00+00:00,Six Flags,83,1036,1578,2957,19,6,3.74,84.96,83.24,0,0,0,0,0,0,170372.0
2025-06-28 00:00:00+00:00,Six Flags,87,581,1542,1930,18,9,4.26,75.06,79.61,0,0,0,0,0,0,144100.0
2025-06-28 00:00:00+00:00,Aquarabia,102,1289,3205,3536,21,10,3.77,81.77,82.33,0,0,0,0,0,0,144100.0
2025-06-29 00:00:00+00:00,Six Flags,105,815,2139,3357,21,12,3.86,75.04,78.05,0,0,0,0,0,0,103977.0
2025-06-29 00:00:00+00:00,Aquarabia,75,402,1594,1954,17,7,4.31,76.1,82.48,0,0,0,0,0,0,103977.0
2025-06-30 00:00:00+00:00,Aquarabia,83,1003,1593,2512,17,9,4.03,79.8,79.56,0,0,0,0,0,0,137864.0
2025-06-30 00:00:00+00:00,Six Flags,83,871,1604,2624,18,7,4.21,82.69,75.69,0,0,0,0,0,0,137864.0
2025-07-01 00:00:00+00:00,Aquarabia,131,751,1666,3159,22,14,4.15,81.9,77.89,1,1,0,0,0,0,74754.0
2025-07-01 00:00:00+00:00,Six Flags,130,1432,1757,2811,21,14,4.05,75.07,76.12,0,0,0,0,0,0,74754.0
2025-07-02 00:00:00+00:00,Aquarabia,123,925,1854,3514,19,12,3.76,79.06,79.44,0,0,0,0,0,1,62493.0
2025-07-02 00:00:00+00:00,Six Flags,120,1001,1679,2374,20,10,3.96,82.11,80.69,0,1,1,0,0,1,62493.0
2025-07-03 00:00:00+00:00,Aquarabia,136,1450,1692,2658,19,13,3.81,81.15,83.04,0,0,0,1,0,1,78977.0
2025-07-03 00:00:00+00:00,Six Flags,123,1162,2177,2461,17,12,3.71,84.93,80.8,0,0,0,1,0,1,78977.0
2025-07-04 00:00:00+00:00,Aquarabia,123,447,1760,2217,18,12,4.25,78.17,84.37,0,0,1,1,0,1,75203.0
2025-07-04 00:00:00+00:00,Six Flags,137,1177,1949,2997,20,13,3.72,80.66,75.32,0,0,0,0,0,2,75203.0
2025-07-05 00:00:00+00:00,Aquarabia,130,1715,1937,3298,22,12,3.78,84.99,84.79,0,0,0,0,0,0,82266.0
2025-07-05 00:00:00+00:00,Six Flags,141,1364,1548,2815,22,15,4.05,80.7,83.4,0,1,1,1,0,0,82266.0
2025-07-06 00:00:00+00:00,Aquarabia,126,1130,1727,2735,22,14,4.08,76.85,84.97,0,0,0,0,0,0,63465.0
2025-07-06 00:00:00+00:00,Six Flags,130,1017,1591,2593,23,14,4.03,77.99,77.19,1,0,0,1,1,0,63465.0
2025-07-07 00:00:00+00:00,Aquarabia,124,567,2207,2723,23,12,4.02,75.14,78.76,0,0,1,0,0,0,67341.0
2025-07-07 00:00:00+00:00,Six Flags,148,667,1246,1720,25,17,4.19,75.24,83.45,2,0,0,1,0,0,67341.0
2025-07-08 00:00:00+00:00,Six Flags,89,378,1394,1993,19,7,4.11,81.76,76.12,0,0,0,1,1,1,90224.0
2025-07-08 00:00:00+00:00,Aquarabia,101,852,1537,2225,18,12,3.94,79.94,75.46,1,1,0,0,1,0,90224.0
2025-07-09 00:00:00+00:00,Six Flags,119,576,1425,2120,22,13,3.98,79.51,77.14,0,0,0,0,0,0,80520.0
2025-07-09 00:00:00+00:00,Aquarabia,132,859,2635,3729,25,14,3.74,83.23,79.58,0,0,3,0,0,0,80520.0
2025-07-10 00:00:00+00:00,Aquarabia,123,914,1879,2614,23,13,3.96,82.26,81.83,0,0,0,0,0,0,71092.0
2025-07-10 00:00:00+00:00,Six Flags,129,1780,2689,3306,22,17,3.82,79.39,78.37,0,0,0,0,0,0,71092.0
2025-07-11 00:00:00+00:00,Aquarabia,133,1219,1771,2886,23,14,3.75,77.89,80.48,1,1,0,0,1,0,83257.0
2025-07-11 00:00:00+00:00,Six Flags,137,587,1337,1827,23,15,4.27,84.93,78.26,0,0,0,0,0,0,83257.0
2025-07-12 00:00:00+00:00,Aquarabia,127,802,1376,1863,22,11,4.2,83.39,77.09,0,1,0,1,0,0,78711.0
2025-07-12 00:00:00+00:00,Six Flags,129,1202,1720,2620,19,14,4.13,75.12,84.01,0,0,0,0,0,0,78711.0
2025-07-13 00:00:00+00:00,Aquarabia,132,926,2511,3325,18,13,4.06,79.47,82.2,0,0,0,0,0,1,71283.0
2025-07-13 00:00:00+00:00,Six Flags,135,721,1327,2594,19,13,4.08,79.64,82.35,0,0,0,0,0,0,71283.0
2025-07-14 00:00:00+00:00,Six Flags,141,1009,1988,3775,20,14,3.82,81.53,75.15,0,0,0,0,0,0,78638.0
2025-07-14 00:00:00+00:00,Aquarabia,141,801,1826,1957,21,12,4.16,79.71,75.85,0,0,0,0,0,0,78638.0
2025-07-15 00:00:00+00:00,Aquarabia,139,1091,1283,2256,23,15,3.95,80.74,75.82,0,0,0,0,0,0,74581.0
2025-07-15 00:00:00+00:00,Six Flags,122,381,1168,1649,23,11,4.19,82.87,76.55,0,0,0,0,0,0,74581.0
2025-07-16 00:00:00+00:00,Aquarabia,129,1369,2059,2180,21,15,4.08,78.82,75.35,0,0,0,0,0,0,75380.0
2025-07-16 00:00:00+00:00,Six Flags,128,1425,1969,2391,24,11,3.81,76.46,82.59,0,0,0,0,0,0,75380.0
2025-07-17 00:00:00+00:00,Aquarabia,137,736,2345,2994,27,17,4.03,83.66,79.84,0,0,0,0,0,0,72802.0
2025-07-17 00:00:00+00:00,Six Flags,126,699,961,1808,26,14,4.2,84.31,79.78,0,0,0,0,0,0,72802.0
2025-07-18 00:00:00+00:00,Six Flags,125,895,1212,1495,28,15,4.15,77.05,76.23,0,0,0,0,0,0,67902.0
2025-07-18 00:00:00+00:00,Aquarabia,141,813,1540,2808,28,20,4.15,80.9,79.79,0,0,0,0,0,0,67902.0
2025-07-19 00:00:00+00:00,Six Flags,116,1649,2811,3950,25,14,3.74,78.95,79.55,0,0,0,0,0,0,65938.0
2025-07-19 00:00:00+00:00,Aquarabia,129,500,1100,2004,28,15,4.25,75.92,82.89,0,0,0,0,0,0,65938.0
2025-07-20 00:00:00+00:00,Aquarabia,129,589,2679,4206,30,15,3.83,78.15,82.58,0,0,0,0,0,0,83276.0
2025-07-20 00:00:00+00:00,Six Flags,135,1056,1506,2113,31,16,4.13,77.31,81.29,0,0,0,0,0,0,83276.0
2025-07-21 00:00:00+00:00,Aquarabia,128,1033,1732,2695,26,13,3.95,82.68,84.85,0,0,0,0,0,0,66568.0
2025-07-21 00:00:00+00:00,Six Flags,141,490,1768,2473,25,18,4.0,77.48,75.69,0,0,0,0,0,0,66568.0
2025-07-22 00:00:00+00:00,Aquarabia,131,571,1556,1819,24,14,4.15,83.78,79.07,0,0,0,0,0,0,65725.0
2025-07-22 00:00:00+00:00,Six Flags,141,612,1121,2078,25,15,4.25,75.69,77.87,0,0,0,0,0,0,65725.0
2025-07-23 00:00:00+00:00,Aquarabia,131,930,1711,2969,23,11,3.84,78.4,78.24,0,0,0,0,0,0,80742.0
2025-07-23 00:00:00+00:00,Six Flags,144,672,1976,2723,22,15,3.97,77.1,77.28,0,0,0,0,0,0,80742.0
2025-07-24 00:00:00+00:00,Six Flags,118,1415,2389,2838,18,10,3.71,84.47,77.09,0,0,0,0,0,0,67031.0
2025-07-24 00:00:00+00:00,Aquarabia,129,821,882,1845,18,12,4.09,79.18,83.3,0,0,0,0,0,0,67031.0
2025-07-25 00:00:00+00:00,Aquarabia,125,567,2400,3232,18,10,3.89,83.71,77.97,0,0,0,0,0,0,73894.0
2025-07-25 00:00:00+00:00,Six Flags,123,842,1625,2016,17,11,4.26,77.32,81.11,0,0,0,0,0,0,73894.0
2025-07-26 00:00:00+00:00,Aquarabia,121,1167,2028,3162,17,11,4.02,76.31,76.49,0,0,0,0,0,0,69544.0
2025-07-26 00:00:00+00:00,Six Flags,123,1270,1976,3002,18,10,3.72,75.39,81.12,0,0,0,0,0,0,69544.0
2025-07-27 00:00:00+00:00,Aquarabia,132,1943,2730,3050,20,13,3.87,80.22,77.44,0,0,0,0,0,0,58757.0
2025-07-27 00:00:00+00:00,Six Flags,133,1805,2399,3155,22,11,3.76,80.11,80.29,0,0,0,0,0,0,58757.0
2025-07-28 00:00:00+00:00,Six Flags,136,935,1753,3090,21,15,4.09,82.59,84.37,0,0,0,0,0,0,58535.0
2025-07-28 00:00:00+00:00,Aquarabia,125,1192,1677,2987,19,14,3.94,79.25,81.84,0,0,0,0,0,0,58535.0
2025-07-29 00:00:00+00:00,Aquarabia,124,1604,2492,3563,19,13,3.68,75.58,82.27,0,0,0,0,0,0,82970.0
2025-07-29 00:00:00+00:00,Six Flags,129,947,1342,2272,20,14,4.19,76.66,79.43,0,0,0,0,0,0,82970.0
2025-07-30 00:00:00+00:00,Aquarabia,131,800,3431,3880,20,12,3.79,82.34,82.21,0,0,0,0,0,0,78933.0
2025-07-30 00:00:00+00:00,Six Flags,129,751,1581,2842,20,11,4.15,75.51,76.69,0,0,0,0,0,0,78933.0
2025-07-31 00:00:00+00:00,Aquarabia,141,853,1385,2410,19,12,4.16,84.49,79.33,0,0,0,0,0,0,88257.0
2025-07-31 00:00:00+00:00,Six Flags,137,1731,2389,2854,18,12,3.89,83.62,78.27,0,0,0,0,0,0,88257.0
2025-08-01 00:00:00+00:00,Aquarabia,140,737,1259,1784,20,13,4.13,79.04,79.2,0,0,0,0,0,1,77206.0
2025-08-01 00:00:00+00:00,Six Flags,120,748,1315,2222,18,10,4.16,82.13,82.84,0,0,0,0,0,0,77206.0
2025-08-02 00:00:00+00:00,Aquarabia,118,615,1311,1537,19,12,4.25,81.54,79.97,0,0,0,0,0,0,77090.0
2025-08-02 00:00:00+00:00,Six Flags,132,602,1629,2547,20,14,4.21,79.17,81.8,0,1,1,0,1,0,77090.0
2025-08-03 00:00:00+00:00,Aquarabia,111,1213,1638,3367,21,12,3.85,81.33,79.71,0,2,0,1,0,0,69814.0
2025-08-03 00:00:00+00:00,Six Flags,129,452,1528,2976,23,15,4.03,81.76,83.16,0,0,0,0,0,0,69814.0
2025-08-04 00:00:00+00:00,Aquarabia,127,1269,1558,2479,26,14,4.07,83.17,78.3,0,0,1,0,0,1,67221.0
2025-08-04 00:00:00+00:00,Six Flags,143,1159,2022,2492,27,18,4.07,79.19,76.23,0,0,0,1,1,1,67221.0
2025-08-05 00:00:00+00:00,Aquarabia,132,419,1511,2089,24,14,4.12,84.35,81.74,0,0,0,0,0,0,67936.0
2025-08-05 00:00:00+00:00,Six Flags,116,571,1637,2816,20,13,4.12,82.82,84.25,0,0,0,0,1,0,67936.0
2025-08-06 00:00:00+00:00,Six Flags,119,681,1503,2315,21,13,4.25,78.86,76.35,0,0,0,1,0,1,66509.0
2025-08-06 00:00:00+00:00,Aquarabia,135,989,1260,1945,23,16,4.2,77.14,80.34,0,1,0,0,0,0,66509.0
2025-08-07 00:00:00+00:00,Aquarabia,140,762,1692,2444,23,16,4.22,78.43,83.97,0,0,1,0,1,0,56655.0
2025-08-07 00:00:00+00:00,Six Flags,120,615,1544,2618,20,12,3.94,76.83,81.18,0,0,0,0,0,0,56655.0
2025-08-08 00:00:00+00:00,Aquarabia,134,621,1837,2855,21,12,3.86,82.81,81.7,0,1,0,1,0,1,76242.0
2025-08-08 00:00:00+00:00,Six Flags,136,878,1397,1962,21,12,4.17,81.35,75.27,0,1,0,0,0,0,76242.0
2025-08-09 00:00:00+00:00,Aquarabia,87,1178,1586,3110,14,7,4.14,80.1,78.84,1,0,1,0,1,0,94871.0
2025-08-09 00:00:00+00:00,Six Flags,86,347,1102,1815,15,5,4.25,80.74,79.34,0,0,0,0,0,0,94871.0
2025-08-10 00:00:00+00:00,Six Flags,135,1363,2310,3943,17,13,3.8,75.22,80.01,0,0,0,0,0,0,85182.0
2025-08-10 00:00:00+00:00,Aquarabia,126,536,1822,2467,19,10,4.16,84.5,82.25,1,1,0,0,0,0,85182.0
2025-08-11 00:00:00+00:00,Six Flags,120,863,1716,2405,19,10,4.12,78.66,84.79,0,0,0,0,0,0,72085.0
2025-08-11 00:00:00+00:00,Aquarabia,135,807,1337,2178,19,13,4.18,75.34,84.76,0,0,1,0,0,0,72085.0
2025-08-12 00:00:00+00:00,Aquarabia,85,717,1525,2420,13,8,4.0,75.71,81.47,0,0,1,0,0,0,91821.0
2025-08-12 00:00:00+00:00,Six Flags,81,788,1954,2486,15,5,4.23,80.7,76.38,1,0,0,0,0,2,91821.0
2025-08-13 00:00:00+00:00,Aquarabia,141,1167,1626,2820,23,15,4.19,82.68,83.03,0,0,0,0,1,0,60404.0
2025-08-13 00:00:00+00:00,Six Flags,131,880,1152,2317,21,13,4.12,84.71,81.8,1,0,2,0,0,0,60404.0
2025-08-14 00:00:00+00:00,Aquarabia,133,358,1273,1667,19,15,4.21,84.88,78.66,0,1,0,0,0,0,82190.0
2025-08-14 00:00:00+00:00,Six Flags,119,520,1386,2034,19,12,4.28,79.49,83.9,0,0,0,0,0,1,82190.0
2025-08-15 00:00:00+00:00,Aquarabia,121,1382,2192,2752,18,11,4.0,78.6,80.77,0,0,0,0,0,0,84391.0
2025-08-15 00:00:00+00:00,Six Flags,133,881,1255,1625,18,13,4.08,77.24,76.91,0,0,0,0,0,0,84391.0
2025-08-16 00:00:00+00:00,Six Flags,78,1037,2625,2855,15,5,4.0,83.92,83.83,0,0,0,0,0,0,90754.0
2025-08-16 00:00:00+00:00,Aquarabia,93,1345,1484,2532,15,8,4.05,81.02,75.49,0,0,0,0,0,0,90754.0
2025-08-17 00:00:00+00:00,Aquarabia,86,1430,1918,2909,13,7,4.05,79.25,76.09,0,0,0,0,0,0,90946.0
2025-08-17 00:00:00+00:00,Six Flags,89,816,1980,3177,12,9,4.13,80.4,81.79,0,0,0,0,0,0,90946.0
2025-08-18 00:00:00+00:00,Aquarabia,127,1529,2588,3069,21,11,3.86,79.5,81.69,0,0,0,0,0,0,70277.0
2025-08-18 00:00:00+00:00,Six Flags,122,556,1083,1882,19,11,4.17,75.76,79.08,0,0,0,0,0,0,70277.0
2025-08-19 00:00:00+00:00,Aquarabia,125,571,1753,2010,21,13,4.16,77.89,80.98,0,0,0,0,0,0,75638.0
2025-08-19 00:00:00+00:00,Six Flags,140,795,2594,4192,23,16,3.92,82.59,81.25,0,0,0,0,0,0,75638.0
2025-08-20 00:00:00+00:00,Six Flags,133,496,1732,2221,23,13,4.24,77.88,84.98,0,0,0,0,0,0,75183.0
2025-08-20 00:00:00+00:00,Aquarabia,125,1062,1648,1966,19,15,3.95,76.07,80.48,0,0,0,0,0,0,75183.0
2025-08-21 00:00:00+00:00,Aquarabia,129,620,1473,2016,23,11,4.21,78.96,82.56,0,0,0,0,0,0,66575.0
2025-08-21 00:00:00+00:00,Six Flags,133,758,1566,2025,21,14,4.04,80.32,77.91,0,0,0,0,0,0,66575.0
2025-08-22 00:00:00+00:00,Aquarabia,78,835,1257,2451,14,6,4.01,82.66,75.95,0,0,0,0,0,0,93993.0
2025-08-22 00:00:00+00:00,Six Flags,93,1283,1683,2279,14,10,3.89,78.02,76.38,0,0,0,0,0,0,93993.0
2025-08-23 00:00:00+00:00,Aquarabia,129,1286,1876,3033,22,10,3.88,76.02,80.42,0,0,0,0,0,0,72262.0
2025-08-23 00:00:00+00:00,Six Flags,130,1048,2678,3652,18,13,3.93,80.61,77.03,0,0,0,0,0,0,72262.0
2025-08-24 00:00:00+00:00,Aquarabia,89,2017,2129,3032,12,8,3.96,82.3,82.49,0,0,0,0,0,0,94559.0
2025-08-24 00:00:00+00:00,Six Flags,91,865,1753,2273,14,7,4.29,77.95,77.78,0,0,0,0,0,0,94559.0
2025-08-25 00:00:00+00:00,Six Flags,129,690,1772,2319,21,14,4.2,83.74,80.19,0,0,0,0,0,0,72155.0
2025-08-25 00:00:00+00:00,Aquarabia,139,805,2190,3068,23,14,3.81,82.16,84.87,0,0,0,0,0,0,72155.0
2025-08-26 00:00:00+00:00,Aquarabia,120,1575,2094,2753,21,12,3.75,78.95,75.79,0,0,0,0,0,0,88248.0
2025-08-26 00:00:00+00:00,Six Flags,116,1218,1788,2127,20,13,4.24,83.89,81.39,0,0,0,0,0,0,88248.0
2025-08-27 00:00:00+00:00,Aquarabia,126,575,1809,2559,22,17,4.22,80.53,80.89,0,0,0,0,0,0,86543.0
2025-08-27 00:00:00+00:00,Six Flags,143,753,2303,4025,27,16,3.84,84.67,79.25,0,0,0,0,0,0,86543.0
2025-08-28 00:00:00+00:00,Aquarabia,120,990,1388,2414,24,13,4.12,76.98,78.55,0,0,0,0,0,0,58174.0
2025-08-28 00:00:00+00:00,Six Flags,136,1663,1989,2791,25,17,3.78,80.18,82.4,0,0,0,0,0,0,58174.0
2025-08-29 00:00:00+00:00,Six Flags,96,1053,1432,1622,18,12,4.03,82.57,78.18,0,0,0,0,0,0,95041.0
2025-08-29 00:00:00+00:00,Aquarabia,78,928,1631,1861,18,7,4.24,79.38,82.43,0,0,0,0,0,0,95041.0
2025-08-30 00:00:00+00:00,Six Flags,139,1091,3144,4134,28,20,3.73,75.31,82.47,0,0,0,0,0,0,64395.0
2025-08-30 00:00:00+00:00,Aquarabia,145,549,2318,2899,30,21,3.91,83.07,79.52,0,0,0,0,0,0,64395.0
2025-08-31 00:00:00+00:00,Aquarabia,92,1589,2993,3587,18,10,3.8,81.64,76.41,0,0,0,0,0,0,90815.0
2025-08-31 00:00:00+00:00,Six Flags,93,394,1426,1567,20,9,4.31,75.6,76.17,0,0,0,0,0,0,90815.0
2025-09-01 00:00:00+00:00,Aquarabia,97,1643,2392,3119,20,13,3.91,84.77,76.34,0,0,1,0,0,0,104150.0
2025-09-01 00:00:00+00:00,Six Flags,91,604,1789,2664,22,9,3.95,79.76,81.35,0,0,3,0,0,0,104150.0
2025-09-02 00:00:00+00:00,Aquarabia,127,723,1628,2933,22,17,4.21,80.94,81.37,0,0,0,0,0,0,70503.0
2025-09-02 00:00:00+00:00,Six Flags,122,832,1939,2971,23,15,3.93,77.11,75.91,0,0,0,1,0,1,70503.0
2025-09-03 00:00:00+00:00,Six Flags,88,1251,1917,2442,17,8,3.96,77.66,80.26,0,0,0,0,0,0,104858.0
2025-09-03 00:00:00+00:00,Aquarabia,90,1582,2325,3617,17,8,3.67,81.59,78.29,0,2,1,0,0,0,104858.0
2025-09-04 00:00:00+00:00,Six Flags,78,1161,1840,3788,16,9,4.0,79.29,76.42,1,0,0,1,0,0,103805.0
2025-09-04 00:00:00+00:00,Aquarabia,89,511,1977,2778,19,10,4.23,79.38,79.66,0,0,2,1,0,0,103805.0
2025-09-05 00:00:00+00:00,Aquarabia,94,902,2141,2814,19,10,4.09,75.86,84.03,0,0,0,0,0,0,101169.0
2025-09-05 00:00:00+00:00,Six Flags,87,802,1643,1912,19,8,4.19,78.68,79.11,1,0,1,0,0,0,101169.0
2025-09-06 00:00:00+00:00,Aquarabia,88,674,1574,2477,23,7,4.01,77.19,84.08,1,1,0,1,0,0,103147.0
2025-09-06 00:00:00+00:00,Six Flags,81,930,1915,2460,18,10,3.91,76.19,80.84,0,0,0,0,0,0,103147.0
2025-09-07 00:00:00+00:00,Aquarabia,127,760,1077,1899,22,17,4.23,84.62,79.95,0,0,0,0,0,0,85373.0
2025-09-07 00:00:00+00:00,Six Flags,134,939,1688,2101,23,18,4.03,83.88,77.0,0,0,0,0,0,0,85373.0
2025-09-08 00:00:00+00:00,Aquarabia,140,418,1317,2122,25,18,4.26,80.26,76.15,2,1,0,0,0,0,62498.0
2025-09-08 00:00:00+00:00,Six Flags,124,1318,2065,3063,24,14,4.06,82.27,79.02,0,0,0,1,0,0,62498.0
2025-09-09 00:00:00+00:00,Six Flags,125,961,2484,3915,22,11,3.95,75.97,80.75,0,1,0,0,1,1,71658.0
2025-09-09 00:00:00+00:00,Aquarabia,128,361,1102,1463,21,13,4.28,81.03,78.06,0,0,0,0,0,0,71658.0
2025-09-10 00:00:00+00:00,Aquarabia,84,810,1837,3050,16,6,4.0,83.82,79.19,0,1,2,0,0,0,88843.0
2025-09-10 00:00:00+00:00,Six Flags,79,978,1173,1895,15,6,4.16,79.81,83.28,0,0,0,0,0,0,88843.0
2025-09-11 00:00:00+00:00,Aquarabia,120,1389,1855,2604,20,11,3.86,78.75,76.28,0,0,0,0,0,0,85455.0
2025-09-11 00:00:00+00:00,Six Flags,129,563,1684,2695,21,13,4.22,77.75,78.51,0,1,0,0,0,0,85455.0
2025-09-12 00:00:00+00:00,Aquarabia,88,857,2040,2717,14,6,3.85,81.36,75.8,0,1,0,0,1,0,97403.0
2025-09-12 00:00:00+00:00,Six Flags,81,1267,1558,2218,13,5,4.07,82.0,83.33,1,0,0,0,0,0,97403.0
2025-09-13 00:00:00+00:00,Six Flags,94,1294,1854,2561,16,6,4.02,75.94,76.87,1,0,0,0,0,0,100504.0
2025-09-13 00:00:00+00:00,Aquarabia,84,1118,1487,1847,13,6,3.85,75.43,77.37,0,1,0,0,0,0,100504.0
2025-09-14 00:00:00+00:00,Six Flags,75,1153,1647,2369,10,5,4.14,76.12,76.01,0,0,0,0,0,1,103827.0
2025-09-14 00:00:00+00:00,Aquarabia,90,929,1972,3168,14,5,3.89,77.88,77.58,0,1,1,1,0,0,103827.0
2025-09-15 00:00:00+00:00,Aquarabia,120,1232,2456,3849,18,10,3.8,75.78,77.83,2,0,0,0,1,0,81056.0
2025-09-15 00:00:00+00:00,Six Flags,126,764,2183,2953,20,9,4.15,75.37,83.0,0,0,0,0,0,0,81056.0
2025-09-16 00:00:00+00:00,Aquarabia,92,435,1449,2377,13,9,4.23,83.65,81.11,0,0,0,0,0,1,90190.0
2025-09-16 00:00:00+00:00,Six Flags,91,707,2205,3034,14,8,3.89,78.48,82.18,0,0,0,0,0,0,90190.0
2025-09-17 00:00:00+00:00,Aquarabia,98,964,2034,2945,14,9,4.11,84.94,80.41,0,0,0,0,1,1,89237.0
2025-09-17 00:00:00+00:00,Six Flags,88,976,1139,2137,12,9,4.09,77.12,82.1,0,0,0,0,0,0,89237.0
2025-09-18 00:00:00+00:00,Aquarabia,119,1010,1664,2236,18,10,4.01,80.72,77.81,0,0,0,0,0,0,85462.0
2025-09-18 00:00:00+00:00,Six Flags,121,1921,2551,5000,18,12,3.76,78.73,77.01,0,0,0,0,0,0,85462.0
2025-09-19 00:00:00+00:00,Six Flags,120,1453,2534,3524,17,9,3.68,84.97,75.88,0,0,0,0,0,0,81805.0
2025-09-19 00:00:00+00:00,Aquarabia,125,738,2286,2652,16,11,3.88,80.85,82.19,2,0,0,0,0,0,81805.0
2025-09-20 00:00:00+00:00,Aquarabia,123,792,1638,2478,18,11,3.84,75.06,76.79,0,0,0,0,0,0,73764.0
2025-09-20 00:00:00+00:00,Six Flags,120,520,1383,1855,18,10,4.27,82.98,79.07,0,0,0,0,0,0,73764.0
2025-09-21 00:00:00+00:00,Aquarabia,122,1192,2216,2340,19,12,4.06,78.13,80.06,0,0,0,0,0,0,85547.0
2025-09-21 00:00:00+00:00,Six Flags,129,923,1833,3217,19,14,4.13,79.1,83.16,0,0,0,0,0,0,85547.0
2025-09-22 00:00:00+00:00,Aquarabia,133,1274,1587,2454,22,12,3.95,81.0,83.0,0,0,0,0,0,0,79087.0
2025-09-22 00:00:00+00:00,Six Flags,137,636,1562,2591,20,15,4.28,81.64,83.52,0,0,0,0,0,0,79087.0
2025-09-23 00:00:00+00:00,Six Flags,129,592,1973,2166,23,13,4.28,82.61,84.58,0,0,0,0,0,0,87185.0
2025-09-23 00:00:00+00:00,Aquarabia,128,1214,1547,2865,22,13,4.17,81.25,77.49,0,0,0,0,0,0,87185.0
2025-09-24 00:00:00+00:00,Aquarabia,75,314,1441,2189,16,7,4.19,84.68,81.17,0,0,0,0,0,0,104698.0
2025-09-24 00:00:00+00:00,Six Flags,94,294,1040,1780,17,11,4.29,83.44,82.99,0,0,0,0,0,0,104698.0
2025-09-25 00:00:00+00:00,Aquarabia,130,1053,1720,2710,24,15,4.14,80.99,80.64,0,0,0,0,0,0,76214.0
2025-09-25 00:00:00+00:00,Six Flags,122,1057,1983,2489,23,14,3.74,80.96,82.71,0,0,0,0,0,0,76214.0
2025-09-26 00:00:00+00:00,Aquarabia,91,1437,1844,2880,17,11,4.06,78.38,76.44,0,0,0,0,0,0,96604.0
2025-09-26 00:00:00+00:00,Six Flags,103,635,2106,2182,21,11,4.08,75.79,79.79,0,0,0,0,0,0,96604.0
2025-09-27 00:00:00+00:00,Aquarabia,127,1336,1459,2677,21,16,3.81,84.76,76.48,0,0,0,0,0,0,88324.0
2025-09-27 00:00:00+00:00,Six Flags,113,1625,2611,3638,22,12,3.71,77.74,80.05,0,0,0,0,0,0,88324.0
2025-09-28 00:00:00+00:00,Six Flags,123,537,1598,2039,20,15,4.15,77.03,76.76,0,0,0,0,0,0,63772.0
2025-09-28 00:00:00+00:00,Aquarabia,121,964,1745,2401,22,12,3.96,78.6,77.94,0,0,0,0,0,0,63772.0
2025-09-29 00:00:00+00:00,Aquarabia,127,717,2103,2132,24,12,3.93,78.0,82.0,0,0,0,0,0,0,81550.0
2025-09-29 00:00:00+00:00,Six Flags,129,1137,2541,2802,23,13,3.94,79.19,83.49,0,0,0,0,0,0,81550.0
2025-09-30 00:00:00+00:00,Aquarabia,116,733,2075,2270,19,10,4.18,83.5,79.12,0,0,0,0,0,0,60558.0
2025-09-30 00:00:00+00:00,Six Flags,130,516,1678,3002,18,15,4.16,79.65,80.61,0,0,0,0,0,0,60558.0
2025-10-01 00:00:00+00:00,Aquarabia,89,1390,1625,2357,13,8,3.95,75.81,81.76,0,0,0,0,0,0,104917.0
2025-10-01 00:00:00+00:00,Six Flags,78,433,1142,1966,13,6,4.27,77.77,79.41,0,0,0,0,0,0,104917.0
2025-10-02 00:00:00+00:00,Six Flags,89,1467,2179,2388,14,8,3.86,83.5,76.31,1,1,1,0,0,0,115931.0
2025-10-02 00:00:00+00:00,Aquarabia,85,1387,1494,3031,15,6,3.89,79.97,82.97,0,0,0,0,0,0,115931.0
2025-10-03 00:00:00+00:00,Six Flags,87,1553,2045,2555,15,6,3.64,83.47,81.92,0,0,0,0,0,0,99458.0
2025-10-03 00:00:00+00:00,Aquarabia,75,858,1769,2683,13,5,3.84,82.32,77.97,0,0,0,0,0,0,99458.0
2025-10-04 00:00:00+00:00,Aquarabia,79,667,1539,2578,15,6,3.86,79.58,77.23,0,0,0,1,0,0,90209.0
2025-10-04 00:00:00+00:00,Six Flags,79,902,2210,2816,16,6,3.83,81.36,77.52,0,0,0,0,0,0,90209.0
2025-10-05 00:00:00+00:00,Aquarabia,100,2018,2267,4560,17,9,3.64,83.84,84.2,2,0,0,1,0,0,96618.0
2025-10-05 00:00:00+00:00,Six Flags,101,1200,1390,2385,16,10,3.98,83.42,76.8,0,0,0,0,0,0,96618.0
2025-10-06 00:00:00+00:00,Aquarabia,125,964,1628,2044,21,10,3.73,82.5,82.62,0,0,0,2,0,0,77176.0
2025-10-06 00:00:00+00:00,Six Flags,130,962,2092,3189,22,11,3.83,76.33,76.14,0,0,0,0,0,1,77176.0
2025-10-07 00:00:00+00:00,Aquarabia,94,654,1928,2882,19,7,3.88,77.9,77.84,0,0,2,0,0,0,104292.0
2025-10-07 00:00:00+00:00,Six Flags,76,586,2040,2298,13,7,4.12,76.2,82.57,1,1,0,0,1,0,104292.0
2025-10-08 00:00:00+00:00,Six Flags,98,1786,2558,3021,17,10,3.69,83.7,76.56,0,1,1,1,0,0,88789.0
2025-10-08 00:00:00+00:00,Aquarabia,94,502,1788,2395,19,8,3.93,82.81,83.55,0,0,0,0,0,0,88789.0
2025-10-09 00:00:00+00:00,Aquarabia,94,1062,1724,2726,18,11,3.9,78.06,84.81,0,1,0,1,1,0,105990.0
2025-10-09 00:00:00+00:00,Six Flags,79,929,1720,2560,18,6,4.12,79.63,77.13,0,0,0,0,0,0,105990.0
2025-10-10 00:00:00+00:00,Aquarabia,97,996,1588,2261,20,12,4.08,77.09,75.36,0,0,1,0,0,1,110877.0
2025-10-10 00:00:00+00:00,Six Flags,103,632,1369,1562,21,12,4.2,79.19,75.34,0,0,0,0,1,0,110877.0
2025-10-11 00:00:00+00:00,Aquarabia,135,633,1308,1757,25,17,4.12,77.29,81.13,0,0,1,0,0,1,80652.0
2025-10-11 00:00:00+00:00,Six Flags,136,1600,1719,3144,26,17,3.88,75.82,82.83,0,0,0,2,0,0,80652.0
2025-10-12 00:00:00+00:00,Six Flags,95,836,1516,2866,19,8,4.11,81.62,75.21,0,1,0,0,0,1,90241.0
2025-10-12 00:00:00+00:00,Aquarabia,78,851,1830,2548,16,7,4.13,75.38,79.35,0,0,0,0,0,0,90241.0
2025-10-13 00:00:00+00:00,Aquarabia,94,1043,1510,2492,18,11,3.82,77.82,77.83,0,0,0,0,0,0,119679.0
2025-10-13 00:00:00+00:00,Six Flags,96,581,1770,2596,19,11,4.14,81.5,83.05,0,0,0,0,1,0,119679.0
2025-10-14 00:00:00+00:00,Aquarabia,104,1069,1699,1876,20,11,3.91,84.52,79.97,0,0,0,0,3,0,108744.0
2025-10-14 00:00:00+00:00,Six Flags,101,785,2423,3395,20,10,3.78,77.55,76.99,0,0,0,0,0,0,108744.0
2025-10-15 00:00:00+00:00,Aquarabia,86,1749,2655,3013,15,9,3.74,75.12,79.7,0,0,0,0,0,0,112856.0
2025-10-15 00:00:00+00:00,Six Flags,92,991,1429,2461,17,9,3.92,75.2,83.31,0,0,0,0,0,0,112856.0
2025-10-16 00:00:00+00:00,Aquarabia,99,1019,1547,1906,20,9,4.22,79.7,82.67,0,0,0,0,0,0,120209.0
2025-10-16 00:00:00+00:00,Six Flags,72,640,1449,2789,15,6,3.87,81.38,76.13,0,0,0,0,0,0,120209.0
2025-10-17 00:00:00+00:00,Aquarabia,82,1077,1281,2099,18,6,4.01,82.11,83.39,0,0,0,0,0,0,94746.0
2025-10-17 00:00:00+00:00,Six Flags,102,997,1411,2148,20,10,4.09,78.75,83.53,0,0,0,0,0,0,94746.0
2025-10-18 00:00:00+00:00,Aquarabia,86,747,1890,2580,17,8,4.05,82.19,78.86,0,0,0,0,0,0,105865.0
2025-10-18 00:00:00+00:00,Six Flags,98,626,1868,3067,20,9,4.13,75.01,79.46,0,0,0,0,0,0,105865.0
2025-10-19 00:00:00+00:00,Aquarabia,87,947,1383,1539,21,6,4.17,84.51,78.45,0,0,0,0,0,0,111342.0
2025-10-19 00:00:00+00:00,Six Flags,101,715,1628,3062,21,11,4.03,78.36,79.79,0,0,0,0,0,0,111342.0
2025-10-20 00:00:00+00:00,Aquarabia,80,648,1470,2244,18,7,4.05,76.71,76.61,0,0,0,0,0,0,89127.0
2025-10-20 00:00:00+00:00,Six Flags,91,1398,1796,3116,16,12,3.64,80.5,75.12,0,0,0,0,0,0,89127.0
2025-10-21 00:00:00+00:00,Six Flags,95,1212,1543,2256,18,9,4.18,83.78,80.59,0,0,0,0,0,0,95377.0
2025-10-21 00:00:00+00:00,Aquarabia,99,282,944,1242,19,9,4.31,77.53,82.09,0,0,0,0,0,0,95377.0
2025-10-22 00:00:00+00:00,Aquarabia,79,410,1467,1969,16,6,4.12,76.38,81.92,0,0,0,0,0,0,106118.0
2025-10-22 00:00:00+00:00,Six Flags,104,597,1286,2073,19,11,4.17,77.15,84.41,0,0,0,0,0,0,106118.0
2025-10-23 00:00:00+00:00,Aquarabia,95,588,2590,3792,17,10,3.96,82.94,81.4,0,0,0,0,0,0,117719.0
2025-10-23 00:00:00+00:00,Six Flags,84,1871,2659,3525,16,8,3.75,83.11,77.11,0,0,0,0,0,0,117719.0
2025-10-24 00:00:00+00:00,Aquarabia,93,1221,2278,2936,19,11,3.77,75.29,79.17,0,0,0,0,0,0,90816.0
2025-10-24 00:00:00+00:00,Six Flags,99,893,1254,2364,22,10,4.2,77.5,78.55,0,0,0,0,0,0,90816.0
2025-10-25 00:00:00+00:00,Six Flags,86,951,1365,1963,15,11,4.06,81.12,84.71,0,0,0,0,0,0,109335.0
2025-10-25 00:00:00+00:00,Aquarabia,74,1617,2109,3024,16,7,3.57,76.82,83.67,0,0,0,0,0,0,109335.0
2025-10-26 00:00:00+00:00,Six Flags,81,1019,2076,3601,14,7,3.9,77.2,76.75,0,0,0,0,0,0,105070.0
2025-10-26 00:00:00+00:00,Aquarabia,92,543,1316,2335,14,10,4.2,78.76,79.84,0,0,0,0,0,0,105070.0
2025-10-27 00:00:00+00:00,Aquarabia,131,1673,2813,3943,19,15,3.78,79.93,79.15,0,0,0,0,0,0,78837.0
2025-10-27 00:00:00+00:00,Six Flags,125,1230,1888,2755,21,11,3.88,75.32,75.99,0,0,0,0,0,0,78837.0
2025-10-28 00:00:00+00:00,Aquarabia,106,710,1135,1843,16,9,4.22,82.01,77.4,0,0,0,0,0,0,90522.0
2025-10-28 00:00:00+00:00,Six Flags,91,955,1752,3318,13,9,4.06,76.79,83.35,0,0,0,0,0,0,90522.0
2025-10-29 00:00:00+00:00,Aquarabia,90,462,1199,2129,16,6,4.2,77.8,78.0,0,0,0,0,0,0,102633.0
2025-10-29 00:00:00+00:00,Six Flags,95,795,1850,2415,15,8,4.13,82.79,79.21,0,0,0,0,0,0,102633.0
2025-10-30 00:00:00+00:00,Aquarabia,107,751,1317,1861,19,10,4.11,82.73,77.7,0,0,0,0,0,0,113485.0
2025-10-30 00:00:00+00:00,Six Flags,93,780,1696,2243,16,9,4.02,84.83,84.26,0,0,0,0,0,0,113485.0
2025-10-31 00:00:00+00:00,Aquarabia,128,1199,1502,2131,19,14,4.2,78.07,82.54,0,0,0,0,0,0,74092.0
2025-10-31 00:00:00+00:00,Six Flags,129,960,1597,2613,21,13,3.72,80.33,79.92,0,0,0,0,0,0,74092.0
