date,asset_id,reach,industry_reach,pr_value,total_media_value,share_of_voice,sentiment_positive,sentiment_neutral,sentiment_negative
2025-01-01 00:00:00+00:00,Six Flags,2279,3467,2406,588,0.66,83.5,7.5,9
2025-01-02 00:00:00+00:00,Six Flags,3529,5629,3222,767,0.63,86.1,4.3,9.6
2025-01-03 00:00:00+00:00,Six Flags,3028,4833,2798,744,0.63,82.1,9.6,8.3
2025-01-04 00:00:00+00:00,Six Flags,2452,3505,2494,860,0.7,86.6,4,9.3
2025-01-05 00:00:00+00:00,Six Flags,3133,3963,2698,635,0.79,86.1,5.6,8.3
2025-01-06 00:00:00+00:00,Six Flags,3993,6195,4772,1550,0.64,83.8,6.4,9.8
2025-01-07 00:00:00+00:00,Six Flags,2267,3199,2390,559,0.71,86.4,4.2,9.4
2025-01-08 00:00:00+00:00,Six Flags,3937,5617,3665,1031,0.7,85.2,5.7,9.1
2025-01-09 00:00:00+00:00,Six Flags,3189,4499,2842,722,0.71,85.7,3.9,10.5
2025-01-10 00:00:00+00:00,Six Flags,2605,3864,3031,954,0.67,83.4,5.8,10.8
2025-01-11 00:00:00+00:00,Six Flags,3032,4769,3080,1041,0.64,86,4.5,9.5
2025-01-12 00:00:00+00:00,Six Flags,2304,3617,2669,621,0.64,85,5.6,9.4
2025-01-13 00:00:00+00:00,Six Flags,2899,3938,2808,727,0.74,81.4,8.2,10.4
2025-01-14 00:00:00+00:00,Six Flags,3333,4436,3836,1276,0.75,85.4,5.9,8.6
2025-01-15 00:00:00+00:00,Six Flags,2039,2807,1937,672,0.73,81.6,8.7,9.7
2025-01-16 00:00:00+00:00,Six Flags,2549,3283,3054,706,0.78,86.9,4.6,8.5
2025-01-17 00:00:00+00:00,Six Flags,2271,3109,2428,604,0.73,83.6,6.9,9.5
2025-01-18 00:00:00+00:00,Six Flags,3541,4847,2944,809,0.73,86.6,3.1,10.3
2025-01-19 00:00:00+00:00,Six Flags,2900,4596,2516,676,0.63,83.5,8.3,8.2
2025-01-20 00:00:00+00:00,Six Flags,3142,4097,3246,828,0.77,85.1,6.3,8.6
2025-01-21 00:00:00+00:00,Six Flags,3217,4766,3284,843,0.67,83.6,6.2,10.2
2025-01-22 00:00:00+00:00,Six Flags,2256,3174,2456,813,0.71,82.4,9.7,7.8
2025-01-23 00:00:00+00:00,Six Flags,2993,4350,2589,804,0.69,82.4,6.8,10.8
2025-01-24 00:00:00+00:00,Six Flags,2276,3263,1930,528,0.7,82.2,8.2,9.5
2025-01-25 00:00:00+00:00,Six Flags,3537,4813,3761,995,0.73,85.9,5.3,8.7
2025-01-26 00:00:00+00:00,Six Flags,2869,3994,3372,1144,0.72,83.6,7.7,8.6
2025-01-27 00:00:00+00:00,Six Flags,2980,4020,2616,661,0.74,84.5,5.1,10.5
2025-01-28 00:00:00+00:00,Six Flags,3520,4588,3680,1119,0.77,87,5.8,7.2
2025-01-29 00:00:00+00:00,Six Flags,3861,5109,4441,1269,0.76,86.4,4.2,9.4
2025-01-30 00:00:00+00:00,Six Flags,2538,3570,3043,926,0.71,85.1,6.5,8.3
2025-01-31 00:00:00+00:00,Six Flags,3233,4852,3450,817,0.67,84.8,5.8,9.4
2025-02-01 00:00:00+00:00,Six Flags,3477,4993,3999,1140,0.7,78.6,10,11.4
2025-02-02 00:00:00+00:00,Six Flags,2589,3250,2388,537,0.8,78.6,10.6,10.9
2025-02-03 00:00:00+00:00,Six Flags,3413,4405,3306,1092,0.77,78.4,9.7,11.9
2025-02-04 00:00:00+00:00,Six Flags,3313,5006,3241,808,0.66,80.9,9.4,9.8
2025-02-05 00:00:00+00:00,Six Flags,2762,3478,3296,762,0.79,79,9.4,11.6
2025-02-06 00:00:00+00:00,Six Flags,3290,4263,2718,854,0.77,79.4,8.8,11.7
2025-02-07 00:00:00+00:00,Six Flags,3037,4270,2639,699,0.71,79.3,9.8,10.9
2025-02-08 00:00:00+00:00,Six Flags,2796,3913,3157,767,0.71,76.7,12.8,10.5
2025-02-09 00:00:00+00:00,Six Flags,2595,3350,2874,940,0.77,78.3,10.6,11.1
2025-02-10 00:00:00+00:00,Six Flags,2518,3239,2809,947,0.78,80.1,8.9,11
2025-02-11 00:00:00+00:00,Six Flags,3507,5298,3172,820,0.66,77.3,11.9,10.7
2025-02-12 00:00:00+00:00,Six Flags,2575,3717,3064,1068,0.69,78.4,9.2,12.4
2025-02-13 00:00:00+00:00,Six Flags,2438,3212,2697,875,0.76,79.2,9.1,11.7
2025-02-14 00:00:00+00:00,Six Flags,2516,3991,2024,643,0.63,80,8.9,11.1
2025-02-15 00:00:00+00:00,Six Flags,2354,3684,2536,571,0.64,77.8,11.4,10.8
2025-02-16 00:00:00+00:00,Six Flags,3665,5074,4392,1413,0.72,78.7,11.7,9.6
2025-02-17 00:00:00+00:00,Six Flags,3440,4525,3553,786,0.76,80.2,8.4,11.4
2025-02-18 00:00:00+00:00,Six Flags,3597,4783,4106,1333,0.75,77.9,12.4,9.7
2025-02-19 00:00:00+00:00,Six Flags,3260,4760,3301,1018,0.68,80.7,8.5,10.8
2025-02-20 00:00:00+00:00,Six Flags,3129,4765,3370,1071,0.66,81.3,7.7,11
2025-02-21 00:00:00+00:00,Six Flags,3460,4661,3955,1209,0.74,81.4,6.6,12.1
2025-02-22 00:00:00+00:00,Six Flags,3370,5038,3500,995,0.67,79.4,8.8,11.9
2025-02-23 00:00:00+00:00,Six Flags,3987,5247,4398,1200,0.76,80.2,9.7,10.1
2025-02-24 00:00:00+00:00,Six Flags,3028,4491,2717,653,0.67,78.1,10.8,11.1
2025-02-25 00:00:00+00:00,Six Flags,3231,4757,3507,936,0.68,78.7,10.2,11.1
2025-02-26 00:00:00+00:00,Six Flags,3894,5502,3449,832,0.71,79.5,9.4,11.1
2025-02-27 00:00:00+00:00,Six Flags,3116,4790,2747,914,0.65,77.5,12.4,10.2
2025-02-28 00:00:00+00:00,Six Flags,2724,3861,2973,658,0.71,78.8,8.6,12.6
2025-03-01 00:00:00+00:00,Six Flags,3212,4706,2892,778,0.68,86.2,4.3,9.5
2025-03-02 00:00:00+00:00,Six Flags,2619,4104,3072,829,0.64,86.1,4.5,9.4
2025-03-03 00:00:00+00:00,Six Flags,2900,4107,2584,605,0.71,81.9,7.8,10.3
2025-03-04 00:00:00+00:00,Six Flags,2078,3296,1666,483,0.63,85,4.4,10.5
2025-03-05 00:00:00+00:00,Six Flags,3025,4084,3260,1052,0.74,86.3,4.5,9.2
2025-03-06 00:00:00+00:00,Six Flags,2157,3013,1775,409,0.72,83.4,8.5,8.2
2025-03-07 00:00:00+00:00,Six Flags,2078,2858,2006,481,0.73,84.4,7.9,7.7
2025-03-08 00:00:00+00:00,Six Flags,2724,4019,2776,958,0.68,82.1,9.1,8.8
2025-03-09 00:00:00+00:00,Six Flags,2513,3349,2394,619,0.75,86.5,5,8.5
2025-03-10 00:00:00+00:00,Six Flags,2613,3414,2746,790,0.77,81.5,10.3,8.3
2025-03-11 00:00:00+00:00,Six Flags,2569,3613,2318,789,0.71,85.7,5.5,8.8
2025-03-12 00:00:00+00:00,Six Flags,3615,5612,4258,942,0.64,85.5,5.2,9.3
2025-03-13 00:00:00+00:00,Six Flags,3654,5309,4020,1267,0.69,83.5,8.2,8.3
2025-03-14 00:00:00+00:00,Six Flags,2831,3574,2390,527,0.79,86.1,3.2,10.7
2025-03-15 00:00:00+00:00,Six Flags,2703,3961,2532,865,0.68,82.9,8,9.1
2025-03-16 00:00:00+00:00,Six Flags,2191,3032,2381,757,0.72,87.3,3.7,9
2025-03-17 00:00:00+00:00,Six Flags,3942,5682,4441,1076,0.69,85.1,4.5,10.4
2025-03-18 00:00:00+00:00,Six Flags,2203,2972,2414,570,0.74,86.3,4.7,9
2025-03-19 00:00:00+00:00,Six Flags,3337,4906,3396,1161,0.68,85.3,5.5,9.2
2025-03-20 00:00:00+00:00,Six Flags,2090,3106,2460,775,0.67,85.4,5.7,8.9
2025-03-21 00:00:00+00:00,Six Flags,3003,4469,3228,793,0.67,86.7,3.9,9.4
2025-03-22 00:00:00+00:00,Six Flags,2535,3216,2707,773,0.79,86.8,4.9,8.2
2025-03-23 00:00:00+00:00,Six Flags,2343,3304,2054,630,0.71,84.4,7.7,7.9
2025-03-24 00:00:00+00:00,Six Flags,3432,5198,4042,1260,0.66,84.9,5.5,9.6
2025-03-25 00:00:00+00:00,Six Flags,3623,5775,4028,1292,0.63,86,3.5,10.4
2025-03-26 00:00:00+00:00,Six Flags,2921,4087,3314,1093,0.71,82.6,8.5,8.9
2025-03-27 00:00:00+00:00,Six Flags,2022,2896,2087,513,0.7,86.3,6.1,7.6
2025-03-28 00:00:00+00:00,Six Flags,3189,4569,2877,821,0.7,85.4,6.9,7.7
2025-03-29 00:00:00+00:00,Six Flags,3644,5529,3059,1063,0.66,85.9,5,9
2025-03-30 00:00:00+00:00,Six Flags,3590,5632,3840,1031,0.64,85.6,4.4,10
2025-03-31 00:00:00+00:00,Six Flags,3381,4656,3811,1107,0.73,82.7,9.2,8.1
2025-04-01 00:00:00+00:00,Six Flags,3522,4687,3185,1008,0.75,78.1,11.7,10.2
2025-04-02 00:00:00+00:00,Six Flags,3202,5025,3525,1173,0.64,77,12.3,10.7
2025-04-03 00:00:00+00:00,Six Flags,3966,5013,3832,1304,0.79,80.6,6.8,12.6
2025-04-04 00:00:00+00:00,Six Flags,3270,5210,2782,694,0.63,80.4,7.7,11.9
2025-04-05 00:00:00+00:00,Six Flags,3982,4995,3828,1219,0.8,79.2,9.1,11.7
2025-04-06 00:00:00+00:00,Six Flags,3386,4396,2973,814,0.77,79.6,9.6,10.8
2025-04-07 00:00:00+00:00,Six Flags,3497,4860,3742,1095,0.72,78.3,9.2,12.5
2025-04-08 00:00:00+00:00,Six Flags,3268,4630,3523,1157,0.71,79.5,7.8,12.7
2025-04-09 00:00:00+00:00,Six Flags,2765,4347,2977,850,0.64,77.5,12,10.5
2025-04-10 00:00:00+00:00,Six Flags,3920,5267,4508,1102,0.74,78,11.7,10.3
2025-04-11 00:00:00+00:00,Six Flags,3389,5227,3395,1120,0.65,79.5,8.9,11.6
2025-04-12 00:00:00+00:00,Six Flags,3901,6195,3696,1275,0.63,79.4,10.8,9.8
2025-04-13 00:00:00+00:00,Six Flags,3509,4430,3706,1116,0.79,77.3,9.8,12.9
2025-04-14 00:00:00+00:00,Six Flags,2080,3248,2080,707,0.64,80.6,7.3,12.1
2025-04-15 00:00:00+00:00,Six Flags,2723,3488,2484,614,0.78,81.3,6.8,11.9
2025-04-16 00:00:00+00:00,Six Flags,2067,2788,2195,684,0.74,78,8.9,13.1
2025-04-17 00:00:00+00:00,Six Flags,2815,3632,2359,761,0.77,80,9.4,10.6
2025-04-18 00:00:00+00:00,Six Flags,3434,4582,3877,921,0.75,78.6,9.8,11.7
2025-04-19 00:00:00+00:00,Six Flags,3013,4494,2469,767,0.67,79,9.7,11.3
2025-04-20 00:00:00+00:00,Six Flags,3383,4987,3230,760,0.68,81.2,8.5,10.3
2025-04-21 00:00:00+00:00,Six Flags,3535,4758,3938,1377,0.74,78.5,11.3,10.2
2025-04-22 00:00:00+00:00,Six Flags,3497,4544,3303,953,0.77,79.9,8,12.1
2025-04-23 00:00:00+00:00,Six Flags,3095,4939,3243,1086,0.63,80.3,7.6,12.1
2025-04-24 00:00:00+00:00,Six Flags,3490,5124,3042,691,0.68,77.3,11.7,11
2025-04-25 00:00:00+00:00,Six Flags,3980,5960,4460,1158,0.67,78.5,9.7,11.8
2025-04-26 00:00:00+00:00,Six Flags,2786,3808,2686,929,0.73,78.9,9.5,11.5
2025-04-27 00:00:00+00:00,Six Flags,2842,4320,2530,666,0.66,79.2,9.9,10.9
2025-04-28 00:00:00+00:00,Six Flags,3631,5343,3847,1340,0.68,77.8,11.3,10.9
2025-04-29 00:00:00+00:00,Six Flags,3163,4751,2605,610,0.67,81.1,8.1,10.8
2025-04-30 00:00:00+00:00,Six Flags,2441,3613,2801,917,0.68,79.7,9.8,10.6
2025-05-01 00:00:00+00:00,Six Flags,2471,3537,2251,636,0.7,81.9,8.8,9.2
2025-05-02 00:00:00+00:00,Six Flags,3575,5235,3405,771,0.68,80.4,9.6,10
2025-05-03 00:00:00+00:00,Six Flags,2515,3469,2324,782,0.72,79.6,10.1,10.3
2025-05-04 00:00:00+00:00,Six Flags,2541,4053,2675,706,0.63,78.9,10.1,11
2025-05-05 00:00:00+00:00,Six Flags,3761,5515,3052,690,0.68,78.2,8.5,13.2
2025-05-06 00:00:00+00:00,Six Flags,3885,4898,4645,1172,0.79,80.7,8.5,10.7
2025-05-07 00:00:00+00:00,Six Flags,2427,3077,2853,758,0.79,80.4,9.2,10.3
2025-05-08 00:00:00+00:00,Six Flags,2234,3514,2097,626,0.64,78.6,11.8,9.7
2025-05-09 00:00:00+00:00,Six Flags,2621,3394,2601,793,0.77,80.2,9.9,9.9
2025-05-10 00:00:00+00:00,Six Flags,2628,3826,2777,679,0.69,78.4,11.7,9.9
2025-05-11 00:00:00+00:00,Six Flags,3846,5648,4342,1119,0.68,80.6,7.8,11.7
2025-05-12 00:00:00+00:00,Six Flags,2968,4194,2389,742,0.71,81,8.5,10.5
2025-05-13 00:00:00+00:00,Six Flags,2538,3828,2037,604,0.66,80.3,7.9,11.8
2025-05-14 00:00:00+00:00,Six Flags,3444,5369,2883,926,0.64,77.6,11.1,11.3
2025-05-15 00:00:00+00:00,Six Flags,2684,3450,2588,703,0.78,80.1,9.2,10.7
2025-05-16 00:00:00+00:00,Six Flags,3896,4929,4670,1290,0.79,78.4,11.2,10.4
2025-05-17 00:00:00+00:00,Six Flags,2348,3737,2459,767,0.63,76.9,12,11.1
2025-05-18 00:00:00+00:00,Six Flags,2973,4118,3161,761,0.72,78,9.9,12.1
2025-05-19 00:00:00+00:00,Six Flags,3876,5627,3651,1202,0.69,80.1,10,9.9
2025-05-20 00:00:00+00:00,Six Flags,2390,3522,1996,510,0.68,78.8,10.7,10.5
2025-05-21 00:00:00+00:00,Six Flags,3565,5514,4071,915,0.65,79.7,9.5,10.8
2025-05-22 00:00:00+00:00,Six Flags,3826,5910,4091,1315,0.65,81.1,7.2,11.7
2025-05-23 00:00:00+00:00,Six Flags,3001,3952,2840,636,0.76,78.8,9.5,11.7
2025-05-24 00:00:00+00:00,Six Flags,3790,5209,4535,1377,0.73,80.3,9.2,10.5
2025-05-25 00:00:00+00:00,Six Flags,3107,4603,3517,839,0.67,79.6,8.7,11.8
2025-05-26 00:00:00+00:00,Six Flags,3416,4872,4083,1276,0.7,80.4,7.9,11.7
2025-05-27 00:00:00+00:00,Six Flags,2493,3597,2972,1024,0.69,79.3,9.5,11.1
2025-05-28 00:00:00+00:00,Six Flags,3474,4760,2877,757,0.73,78,11.6,10.4
2025-05-29 00:00:00+00:00,Six Flags,3169,4397,3220,1007,0.72,79.9,9.8,10.2
2025-05-30 00:00:00+00:00,Six Flags,2975,4048,2460,795,0.73,80,7.8,12.3
2025-05-31 00:00:00+00:00,Six Flags,3044,4534,2882,756,0.67,80.8,8,11.2
2025-06-01 00:00:00+00:00,Six Flags,2118,3316,2529,653,0.64,82.1,7.4,10.5
2025-06-02 00:00:00+00:00,Six Flags,3112,4423,2823,712,0.7,82,10.1,7.9
2025-06-03 00:00:00+00:00,Six Flags,3553,5122,2885,1005,0.69,81.4,8.2,10.4
2025-06-04 00:00:00+00:00,Six Flags,2126,2893,2146,586,0.73,82.8,8.3,9
2025-06-05 00:00:00+00:00,Six Flags,3042,4613,3042,1019,0.66,83.4,9,7.5
2025-06-06 00:00:00+00:00,Six Flags,2260,3302,1842,435,0.68,85.4,5.9,8.7
2025-06-07 00:00:00+00:00,Six Flags,2721,3554,3264,1043,0.77,84.5,6.8,8.7
2025-06-08 00:00:00+00:00,Six Flags,2383,3122,1983,548,0.76,83.2,6.8,10
2025-06-09 00:00:00+00:00,Six Flags,3388,4710,3943,1175,0.72,84.2,6.7,9.1
2025-06-10 00:00:00+00:00,Six Flags,2465,3115,2666,618,0.79,85.1,6.6,8.3
2025-06-11 00:00:00+00:00,Six Flags,3330,5082,3432,1170,0.66,86.4,3.2,10.4
2025-06-12 00:00:00+00:00,Six Flags,2711,4337,2233,569,0.63,84.5,6.8,8.7
2025-06-13 00:00:00+00:00,Six Flags,3367,5192,3768,1225,0.65,81.4,9.6,9
2025-06-14 00:00:00+00:00,Six Flags,2841,3759,3062,677,0.76,87.2,5,7.8
2025-06-15 00:00:00+00:00,Six Flags,3588,5234,3202,785,0.69,84.6,4.7,10.6
2025-06-16 00:00:00+00:00,Six Flags,3135,4323,3720,1221,0.73,86.5,4.8,8.7
2025-06-17 00:00:00+00:00,Six Flags,2489,3743,2336,572,0.66,86.8,2.8,10.4
2025-06-18 00:00:00+00:00,Six Flags,3463,4433,4085,1100,0.78,86.3,5.3,8.5
2025-06-19 00:00:00+00:00,Six Flags,3373,5390,3240,806,0.63,85.8,4.3,9.9
2025-06-20 00:00:00+00:00,Six Flags,3023,4575,3313,982,0.66,84.3,5.3,10.3
2025-06-21 00:00:00+00:00,Six Flags,2333,3344,1990,585,0.7,86,5.5,8.5
2025-06-22 00:00:00+00:00,Six Flags,3688,4738,3277,1019,0.78,83.9,7.2,8.9
2025-06-23 00:00:00+00:00,Six Flags,2890,4384,3065,819,0.66,86.7,4.6,8.6
2025-06-24 00:00:00+00:00,Six Flags,2455,3648,1994,636,0.67,82.9,9.4,7.7
2025-06-25 00:00:00+00:00,Six Flags,3309,4230,3226,728,0.78,85.8,5.8,8.4
2025-06-26 00:00:00+00:00,Six Flags,3064,3975,3505,847,0.77,82,7.9,10.1
2025-06-27 00:00:00+00:00,Six Flags,3805,5880,4078,902,0.65,84.2,6.6,9.2
2025-06-28 00:00:00+00:00,Six Flags,2853,3743,3308,774,0.76,84.4,5.4,10.1
2025-06-29 00:00:00+00:00,Six Flags,2045,2627,1743,481,0.78,81.2,10,8.8
2025-06-30 00:00:00+00:00,Six Flags,3036,3823,3289,1133,0.79,84.8,6.6,8.6
2025-07-01 00:00:00+00:00,Six Flags,2270,3453,2230,553,0.66,87.3,3.2,9.5
2025-07-02 00:00:00+00:00,Six Flags,2509,3216,2035,548,0.78,84.1,7.4,8.5
2025-07-03 00:00:00+00:00,Six Flags,3484,5078,3015,744,0.69,86.9,4.7,8.3
2025-07-04 00:00:00+00:00,Six Flags,3713,5726,4440,1046,0.65,86.1,4.1,9.9
2025-07-05 00:00:00+00:00,Six Flags,3651,5359,3101,850,0.68,85.5,6,8.6
2025-07-06 00:00:00+00:00,Six Flags,3206,4162,2675,900,0.77,87.5,2.6,9.9
2025-07-07 00:00:00+00:00,Six Flags,2084,2616,2005,646,0.8,85.8,4,10.2
2025-07-08 00:00:00+00:00,Six Flags,3493,4865,3131,700,0.72,83.1,6.5,10.3
2025-07-09 00:00:00+00:00,Six Flags,2351,3160,2147,612,0.74,84,7.7,8.3
2025-07-10 00:00:00+00:00,Six Flags,3828,5668,3217,881,0.68,85.4,4.9,9.7
2025-07-11 00:00:00+00:00,Six Flags,2856,4050,2511,792,0.71,86.3,3.4,10.3
2025-07-12 00:00:00+00:00,Six Flags,3578,5114,3820,857,0.7,87.6,4.6,7.8
2025-07-13 00:00:00+00:00,Six Flags,3222,5147,2895,787,0.63,85.9,5.2,9
2025-07-14 00:00:00+00:00,Six Flags,2869,4496,2358,689,0.64,84.7,7.5,7.8
2025-07-15 00:00:00+00:00,Six Flags,3332,4414,3918,937,0.75,82.5,7.7,9.8
2025-07-16 00:00:00+00:00,Six Flags,2842,4523,3187,851,0.63,85.1,6.4,8.6
2025-07-17 00:00:00+00:00,Six Flags,3304,4546,3082,887,0.73,85.1,5.5,9.4
2025-07-18 00:00:00+00:00,Six Flags,2444,3476,2556,790,0.7,82.3,9.5,8.1
2025-07-19 00:00:00+00:00,Six Flags,3838,5080,3521,979,0.76,87.3,3.6,9.1
2025-07-20 00:00:00+00:00,Six Flags,3774,5394,3134,1003,0.7,85.5,5.6,8.9
2025-07-21 00:00:00+00:00,Six Flags,2206,3211,2267,703,0.69,83.4,7,9.7
2025-07-22 00:00:00+00:00,Six Flags,3119,4238,2690,611,0.74,83.6,5.5,10.9
2025-07-23 00:00:00+00:00,Six Flags,3704,4746,3930,1248,0.78,86.5,3.4,10.1
2025-07-24 00:00:00+00:00,Six Flags,3161,4834,3035,954,0.65,88.3,2.9,8.8
2025-07-25 00:00:00+00:00,Six Flags,2576,3336,2624,773,0.77,81.9,8.2,9.9
2025-07-26 00:00:00+00:00,Six Flags,3169,4571,2549,596,0.69,84,5.2,10.8
2025-07-27 00:00:00+00:00,Six Flags,3546,4876,3775,1084,0.73,82.1,8.2,9.7
2025-07-28 00:00:00+00:00,Six Flags,2878,4080,3078,736,0.71,86.4,4.1,9.4
2025-07-29 00:00:00+00:00,Six Flags,3749,5268,3456,996,0.71,87.2,3.9,8.9
2025-07-30 00:00:00+00:00,Six Flags,2631,4087,2116,697,0.64,84,7.6,8.4
2025-07-31 00:00:00+00:00,Six Flags,2375,3257,2627,671,0.73,87,4.6,8.4
2025-08-01 00:00:00+00:00,Six Flags,2644,3580,2656,608,0.74,82.4,7.2,10.4
2025-08-02 00:00:00+00:00,Six Flags,2543,3978,2154,678,0.64,80.3,8.9,10.7
2025-08-03 00:00:00+00:00,Six Flags,3128,4342,3171,1094,0.72,83.5,5.2,11.3
2025-08-04 00:00:00+00:00,Six Flags,2503,3882,2602,755,0.64,81.4,7.2,11.4
2025-08-05 00:00:00+00:00,Six Flags,2887,3849,3190,987,0.75,83.6,6.6,9.8
2025-08-06 00:00:00+00:00,Six Flags,2745,3732,2633,789,0.74,81.9,7.2,10.9
2025-08-07 00:00:00+00:00,Six Flags,2396,3638,2324,596,0.66,83.6,4.8,11.6
2025-08-08 00:00:00+00:00,Six Flags,3844,5520,3674,1243,0.7,82.8,7.3,9.8
2025-08-09 00:00:00+00:00,Six Flags,3743,4979,3572,1110,0.75,81.6,8.2,10.3
2025-08-10 00:00:00+00:00,Six Flags,2445,3109,2922,695,0.79,80.6,7.9,11.5
2025-08-11 00:00:00+00:00,Six Flags,2319,3307,2675,926,0.7,81.6,8.5,9.9
2025-08-12 00:00:00+00:00,Six Flags,3040,4030,2549,882,0.75,81.1,8.2,10.8
2025-08-13 00:00:00+00:00,Six Flags,3845,5987,3966,1377,0.64,84.1,5.2,10.6
2025-08-14 00:00:00+00:00,Six Flags,3855,5825,3123,766,0.66,82.4,8.1,9.5
2025-08-15 00:00:00+00:00,Six Flags,2230,2788,1968,599,0.8,80.3,10.2,9.5
2025-08-16 00:00:00+00:00,Six Flags,3029,4103,2497,629,0.74,80.1,10.9,8.9
2025-08-17 00:00:00+00:00,Six Flags,2019,2793,2309,739,0.72,82.7,5.5,11.8
2025-08-18 00:00:00+00:00,Six Flags,3663,5463,4003,1033,0.67,82.1,8,9.9
2025-08-19 00:00:00+00:00,Six Flags,2583,3680,2481,591,0.7,80.3,10.1,9.7
2025-08-20 00:00:00+00:00,Six Flags,3850,5511,4156,1438,0.7,81.3,9.9,8.8
2025-08-21 00:00:00+00:00,Six Flags,3125,4604,2967,1022,0.68,82.8,7,10.2
2025-08-22 00:00:00+00:00,Six Flags,3164,5058,3571,1248,0.63,84.1,6.6,9.3
2025-08-23 00:00:00+00:00,Six Flags,3264,4613,3566,1163,0.71,82.2,6.3,11.5
2025-08-24 00:00:00+00:00,Six Flags,3592,4502,3475,1012,0.8,79.6,9.1,11.4
2025-08-25 00:00:00+00:00,Six Flags,3672,5570,3832,935,0.66,84,7,9.1
2025-08-26 00:00:00+00:00,Six Flags,3575,4606,2883,719,0.78,80.3,9.4,10.4
2025-08-27 00:00:00+00:00,Six Flags,3333,4804,3799,1061,0.69,80.8,7.4,11.7
2025-08-28 00:00:00+00:00,Six Flags,3982,5586,3814,1068,0.71,82.8,5.9,11.3
2025-08-29 00:00:00+00:00,Six Flags,3712,4751,4402,1070,0.78,81.8,7,11.3
2025-08-30 00:00:00+00:00,Six Flags,3247,4320,3681,1284,0.75,80.7,10,9.3
2025-08-31 00:00:00+00:00,Six Flags,3356,4916,3151,797,0.68,80.4,10.1,9.5
2025-09-01 00:00:00+00:00,Six Flags,3755,5039,3147,793,0.75,86.5,5.3,8.2
2025-09-02 00:00:00+00:00,Six Flags,3284,5123,2715,865,0.64,83.3,6.1,10.6
2025-09-03 00:00:00+00:00,Six Flags,3427,5282,3125,816,0.65,82,8.1,9.9
2025-09-04 00:00:00+00:00,Six Flags,2824,4372,2599,732,0.65,86.1,4.1,9.8
2025-09-05 00:00:00+00:00,Six Flags,2394,3369,2648,623,0.71,83,9,8
2025-09-06 00:00:00+00:00,Six Flags,3358,4563,2930,887,0.74,84,6.9,9
2025-09-07 00:00:00+00:00,Six Flags,3777,5974,4503,1058,0.63,86.2,5.5,8.3
2025-09-08 00:00:00+00:00,Six Flags,3862,5578,3377,845,0.69,81.3,9.1,9.6
2025-09-09 00:00:00+00:00,Six Flags,2324,3356,2597,891,0.69,81.8,8.8,9.3
2025-09-10 00:00:00+00:00,Six Flags,2556,4037,2130,488,0.63,85.4,5.8,8.8
2025-09-11 00:00:00+00:00,Six Flags,2464,3240,2615,678,0.76,85.1,5.5,9.4
2025-09-12 00:00:00+00:00,Six Flags,2881,3902,3367,1133,0.74,82.1,10.2,7.8
2025-09-13 00:00:00+00:00,Six Flags,3142,4879,2667,738,0.64,83,7,9.9
2025-09-14 00:00:00+00:00,Six Flags,3860,5491,3385,1157,0.7,86.6,5.3,8.1
2025-09-15 00:00:00+00:00,Six Flags,2215,3080,2064,520,0.72,81.3,8.4,10.2
2025-09-16 00:00:00+00:00,Six Flags,2109,3046,2242,633,0.69,84.6,5.6,9.8
2025-09-17 00:00:00+00:00,Six Flags,3931,5807,3880,1341,0.68,86.6,4.6,8.8
2025-09-18 00:00:00+00:00,Six Flags,2070,3295,2257,640,0.63,87.3,4.7,7.9
2025-09-19 00:00:00+00:00,Six Flags,3891,4974,4172,1459,0.78,85.7,4.5,9.8
2025-09-20 00:00:00+00:00,Six Flags,2026,3136,1911,511,0.65,84.8,5.3,9.9
2025-09-21 00:00:00+00:00,Six Flags,2507,3255,2316,531,0.77,82.4,8.1,9.6
2025-09-22 00:00:00+00:00,Six Flags,3984,5232,4627,1087,0.76,84.5,5.2,10.3
2025-09-23 00:00:00+00:00,Six Flags,2940,4440,2359,688,0.66,87.2,2.9,9.9
2025-09-24 00:00:00+00:00,Six Flags,3641,5110,3207,974,0.71,82.4,7.6,10
2025-09-25 00:00:00+00:00,Six Flags,3779,5741,3266,1129,0.66,83.7,6.3,9.9
2025-09-26 00:00:00+00:00,Six Flags,3541,4598,3149,879,0.77,84.1,6.2,9.7
2025-09-27 00:00:00+00:00,Six Flags,2742,4354,2720,846,0.63,82.1,9.9,8
2025-09-28 00:00:00+00:00,Six Flags,2910,4107,2902,799,0.71,83.3,6.2,10.4
2025-09-29 00:00:00+00:00,Six Flags,2454,3531,2456,772,0.69,86.7,3.9,9.3
2025-09-30 00:00:00+00:00,Six Flags,2628,3474,2134,507,0.76,85,4.8,10.2
2025-10-01 00:00:00+00:00,Six Flags,3805,5459,4434,1081,0.7,81.7,9.3,9
2025-10-02 00:00:00+00:00,Six Flags,3149,4603,3444,808,0.68,85.4,6.4,8.2
2025-10-03 00:00:00+00:00,Six Flags,2065,3284,2291,725,0.63,86.2,4.7,9.1
2025-10-04 00:00:00+00:00,Six Flags,3593,5455,3740,970,0.66,82.3,9.5,8.2
2025-10-05 00:00:00+00:00,Six Flags,2540,3577,2900,767,0.71,82.3,9.2,8.5
2025-10-06 00:00:00+00:00,Six Flags,3905,5578,4307,1315,0.7,86.8,4.6,8.6
2025-10-07 00:00:00+00:00,Six Flags,2563,3609,2854,847,0.71,84.8,5,10.3
2025-10-08 00:00:00+00:00,Six Flags,2022,2911,1938,505,0.69,84.9,5,10.1
2025-10-09 00:00:00+00:00,Six Flags,3187,5061,2557,661,0.63,85,4.2,10.8
2025-10-10 00:00:00+00:00,Six Flags,2010,2917,1970,636,0.69,81.5,8.2,10.3
2025-10-11 00:00:00+00:00,Six Flags,2486,3875,2926,788,0.64,82.7,8.2,9.1
2025-10-12 00:00:00+00:00,Six Flags,2505,3271,2838,856,0.77,83.8,8.7,7.5
2025-10-13 00:00:00+00:00,Six Flags,3502,5473,3027,925,0.64,86.6,4.6,8.8
2025-10-14 00:00:00+00:00,Six Flags,2236,3122,2321,805,0.72,82.9,8.1,9
2025-10-15 00:00:00+00:00,Six Flags,3641,4607,4219,1001,0.79,83.8,7.1,9.1
2025-10-16 00:00:00+00:00,Six Flags,2773,3726,3219,759,0.74,83.6,5.7,10.8
2025-10-17 00:00:00+00:00,Six Flags,2169,2948,1886,452,0.74,84.3,5.2,10.4
2025-10-18 00:00:00+00:00,Six Flags,2948,3710,2677,817,0.79,83.1,8.9,8
2025-10-19 00:00:00+00:00,Six Flags,2277,3531,2705,927,0.64,82.3,7.6,10.1
2025-10-20 00:00:00+00:00,Six Flags,3964,6142,3268,749,0.65,86.5,4.3,9.1
2025-10-21 00:00:00+00:00,Six Flags,3603,4738,4017,976,0.76,84.3,5,10.7
2025-10-22 00:00:00+00:00,Six Flags,2143,3426,2458,559,0.63,84.8,6.7,8.4
2025-10-23 00:00:00+00:00,Six Flags,3845,5810,4403,1463,0.66,82.2,7.7,10
2025-10-24 00:00:00+00:00,Six Flags,3929,5171,3908,972,0.76,85,6.6,8.4
2025-10-25 00:00:00+00:00,Six Flags,2317,3331,2329,613,0.7,82.7,9.3,8
2025-10-26 00:00:00+00:00,Six Flags,2975,4330,3334,844,0.69,81.2,9.8,9
2025-10-27 00:00:00+00:00,Six Flags,2360,3126,2415,836,0.75,86.1,4.6,9.2
2025-10-28 00:00:00+00:00,Six Flags,2071,2819,1940,549,0.73,85.2,7.2,7.6
2025-10-29 00:00:00+00:00,Six Flags,2695,4147,2264,753,0.65,86.7,5.1,8.2
2025-10-30 00:00:00+00:00,Six Flags,2415,3520,2542,595,0.69,83.1,8.9,8
2025-10-31 00:00:00+00:00,Six Flags,3797,5632,3663,1189,0.67,81.3,9.9,8.8
2025-11-01 00:00:00+00:00,Six Flags,2384,3707,2203,487,0.64,0,0,100
2025-11-02 00:00:00+00:00,Six Flags,3582,4918,4133,1248,0.73,0,0,100
2025-11-03 00:00:00+00:00,Six Flags,2687,3737,2203,674,0.72,0,0,100
2025-11-04 00:00:00+00:00,Six Flags,3438,4863,2969,887,0.71,0,0,100
2025-11-05 00:00:00+00:00,Six Flags,3011,3876,3345,794,0.78,0,0,100
2025-11-06 00:00:00+00:00,Six Flags,3509,4778,4099,1031,0.73,0,0,100
2025-11-07 00:00:00+00:00,Six Flags,2194,3283,2244,743,0.67,0,0,100
2025-11-08 00:00:00+00:00,Six Flags,2830,3937,2755,812,0.72,0,0,100
2025-11-09 00:00:00+00:00,Six Flags,2270,3044,2637,745,0.75,0,0,100
2025-11-10 00:00:00+00:00,Six Flags,3775,6024,3791,976,0.63,0,0,100
2025-11-11 00:00:00+00:00,Six Flags,3622,5334,3587,1251,0.68,0,0,100
2025-11-12 00:00:00+00:00,Six Flags,3843,5655,3602,967,0.68,0,0,100
2025-11-13 00:00:00+00:00,Six Flags,2841,4363,3066,879,0.65,0,0,100
2025-11-14 00:00:00+00:00,Six Flags,2827,4087,2379,603,0.69,0,0,100
2025-11-15 00:00:00+00:00,Six Flags,2542,3933,2797,850,0.65,0,0,100
2025-11-16 00:00:00+00:00,Six Flags,2003,2778,2122,722,0.72,0,0,100
2025-11-17 00:00:00+00:00,Six Flags,3052,4032,3507,861,0.76,0,0,100
2025-11-18 00:00:00+00:00,Six Flags,2400,3205,2333,610,0.75,0,0,100
2025-11-19 00:00:00+00:00,Six Flags,3396,4917,4056,953,0.69,0,0,100
2025-11-20 00:00:00+00:00,Six Flags,3367,5385,3417,872,0.63,0,0,100
2025-11-21 00:00:00+00:00,Six Flags,2245,2896,2526,862,0.78,0,0,100
2025-11-22 00:00:00+00:00,Six Flags,2681,3944,2658,886,0.68,0,0,100
2025-11-23 00:00:00+00:00,Six Flags,3072,4549,2963,747,0.68,0,0,100
2025-11-24 00:00:00+00:00,Six Flags,2372,3013,2581,660,0.79,0,0,100
2025-11-25 00:00:00+00:00,Six Flags,2662,3650,2772,898,0.73,0,0,100
2025-11-26 00:00:00+00:00,Six Flags,3919,5880,4336,1366,0.67,0,0,100
2025-11-27 00:00:00+00:00,Six Flags,2803,3986,2824,625,0.7,0,0,100
2025-11-28 00:00:00+00:00,Six Flags,3313,4632,2902,654,0.72,0,0,100
2025-11-29 00:00:00+00:00,Six Flags,3294,5231,3434,1199,0.63,0,0,100
2025-11-30 00:00:00+00:00,Six Flags,3506,4410,3904,1021,0.79,0,0,100
2025-12-01 00:00:00+00:00,Six Flags,2119,3226,1909,430,0.66,0,0,100
2025-12-02 00:00:00+00:00,Six Flags,2522,3993,2771,941,0.63,0,0,100
2025-12-03 00:00:00+00:00,Six Flags,3225,5147,3286,897,0.63,0,0,100
2025-12-04 00:00:00+00:00,Six Flags,2190,2871,2222,661,0.76,0,0,100
2025-12-05 00:00:00+00:00,Six Flags,3706,5334,3293,1090,0.69,0,0,100
2025-12-06 00:00:00+00:00,Six Flags,3008,3799,2801,626,0.79,0,0,100
2025-12-07 00:00:00+00:00,Six Flags,2083,3240,2429,570,0.64,0,0,100
2025-12-08 00:00:00+00:00,Six Flags,3434,4432,3053,1026,0.77,0,0,100
2025-12-09 00:00:00+00:00,Six Flags,3429,4814,3411,1038,0.71,0,0,100
2025-12-10 00:00:00+00:00,Six Flags,2361,3328,2694,876,0.71,0,0,100
2025-12-11 00:00:00+00:00,Six Flags,2589,3512,2525,730,0.74,0,0,100
2025-12-12 00:00:00+00:00,Six Flags,3005,4186,3336,1016,0.72,0,0,100
2025-12-13 00:00:00+00:00,Six Flags,3108,4435,3483,1022,0.7,0,0,100
2025-12-14 00:00:00+00:00,Six Flags,2178,2745,2275,543,0.79,0,0,100
2025-12-15 00:00:00+00:00,Six Flags,3109,4580,2699,799,0.68,0,0,100
2025-12-16 00:00:00+00:00,Six Flags,2584,3684,2143,514,0.7,0,0,100
2025-12-17 00:00:00+00:00,Six Flags,3558,4627,3002,944,0.77,0,0,100
2025-12-18 00:00:00+00:00,Six Flags,3340,4793,2785,691,0.7,0,0,100
2025-12-19 00:00:00+00:00,Six Flags,3419,5173,3897,1182,0.66,0,0,100
2025-12-20 00:00:00+00:00,Six Flags,3573,4558,2955,684,0.78,0,0,100
2025-12-21 00:00:00+00:00,Six Flags,3923,5813,3502,1018,0.67,0,0,100
2025-12-22 00:00:00+00:00,Six Flags,2236,3028,2391,639,0.74,0,0,100
2025-12-23 00:00:00+00:00,Six Flags,3338,4686,3627,1106,0.71,0,0,100
2025-12-24 00:00:00+00:00,Six Flags,3586,4793,4284,1352,0.75,0,0,100
2025-12-25 00:00:00+00:00,Six Flags,3256,4519,2851,819,0.72,0,0,100
2025-12-26 00:00:00+00:00,Six Flags,2047,3028,2455,795,0.68,0,0,100
2025-12-27 00:00:00+00:00,Six Flags,3593,5001,4309,1449,0.72,0,0,100
2025-12-28 00:00:00+00:00,Six Flags,3426,4933,2760,783,0.69,0,0,100
2025-12-29 00:00:00+00:00,Six Flags,2584,3497,2198,624,0.74,0,0,100
2025-12-30 00:00:00+00:00,Six Flags,3891,5302,3479,907,0.73,0,0,100
2025-12-31 00:00:00+00:00,Six Flags,2430,3412,2229,573,0.71,0,0,100
2025-01-01 00:00:00+00:00,Aquarabia,7427,9933,8757,2192,0.75,81.1,10.9,8
2025-01-02 00:00:00+00:00,Aquarabia,6196,9190,7331,2562,0.67,84.9,5,10.1
2025-01-03 00:00:00+00:00,Aquarabia,8181,12548,8658,2503,0.65,83.6,7.1,9.3
2025-01-04 00:00:00+00:00,Aquarabia,5562,8308,5928,1880,0.67,83.3,8.6,8.1
2025-01-05 00:00:00+00:00,Aquarabia,5653,8575,5552,1635,0.66,83,9.3,7.7
2025-01-06 00:00:00+00:00,Aquarabia,6511,10292,5773,1542,0.63,84.3,7,8.7
2025-01-07 00:00:00+00:00,Aquarabia,5890,8743,5533,1442,0.67,86.6,3.6,9.8
2025-01-08 00:00:00+00:00,Aquarabia,7513,9487,8885,2242,0.79,87.1,4.2,8.7
2025-01-09 00:00:00+00:00,Aquarabia,8177,12013,6718,1908,0.68,83.2,8.2,8.6
2025-01-10 00:00:00+00:00,Aquarabia,8268,10985,6691,1716,0.75,84.5,4.8,10.7
2025-01-11 00:00:00+00:00,Aquarabia,6836,10273,6851,2241,0.67,86.9,5.3,7.8
2025-01-12 00:00:00+00:00,Aquarabia,6488,9386,5918,1347,0.69,85.1,5.9,8.9
2025-01-13 00:00:00+00:00,Aquarabia,5174,6739,4476,1426,0.77,83.9,6.6,9.5
2025-01-14 00:00:00+00:00,Aquarabia,6570,9124,5944,1580,0.72,87.1,3.6,9.3
2025-01-15 00:00:00+00:00,Aquarabia,6325,8216,6783,1581,0.77,82.5,8.3,9.2
2025-01-16 00:00:00+00:00,Aquarabia,6661,8536,5861,1582,0.78,85.3,5.9,8.8
2025-01-17 00:00:00+00:00,Aquarabia,7538,10918,7205,2029,0.69,82.3,9.5,8.2
2025-01-18 00:00:00+00:00,Aquarabia,7349,10420,6723,1614,0.71,83.9,8.1,8
2025-01-19 00:00:00+00:00,Aquarabia,8342,12474,7496,1788,0.67,82.3,9.7,8
2025-01-20 00:00:00+00:00,Aquarabia,5186,7769,4222,1231,0.67,84.6,7.4,8
2025-01-21 00:00:00+00:00,Aquarabia,5886,8343,6357,1586,0.71,83.8,6.9,9.4
2025-01-22 00:00:00+00:00,Aquarabia,6792,9053,8120,2276,0.75,85.7,4.3,10
2025-01-23 00:00:00+00:00,Aquarabia,6689,9028,7936,2216,0.74,83.9,6.5,9.6
2025-01-24 00:00:00+00:00,Aquarabia,6348,9740,6015,1804,0.65,83.6,7.5,8.9
2025-01-25 00:00:00+00:00,Aquarabia,7417,10971,8399,2725,0.68,86.2,5.2,8.6
2025-01-26 00:00:00+00:00,Aquarabia,6309,7930,5690,1259,0.8,85.6,4.2,10.3
2025-01-27 00:00:00+00:00,Aquarabia,6893,9033,7326,2559,0.76,82.2,8.6,9.2
2025-01-28 00:00:00+00:00,Aquarabia,6348,8329,7212,2397,0.76,83.1,6.9,10
2025-01-29 00:00:00+00:00,Aquarabia,8102,11734,7258,2208,0.69,82,9.5,8.4
2025-01-30 00:00:00+00:00,Aquarabia,5506,7046,5360,1702,0.78,84.7,5,10.3
2025-01-31 00:00:00+00:00,Aquarabia,5527,7548,5648,1790,0.73,83.8,7.7,8.5
2025-02-01 00:00:00+00:00,Aquarabia,6820,10564,6124,1675,0.65,80.3,7,12.6
2025-02-02 00:00:00+00:00,Aquarabia,5400,7272,5532,1759,0.74,80.9,7.8,11.3
2025-02-03 00:00:00+00:00,Aquarabia,6163,8894,6172,1526,0.69,78.6,11.7,9.8
2025-02-04 00:00:00+00:00,Aquarabia,5181,6802,5275,1351,0.76,80.1,8.7,11.2
2025-02-05 00:00:00+00:00,Aquarabia,7117,10080,6389,1676,0.71,79,11.3,9.7
2025-02-06 00:00:00+00:00,Aquarabia,7570,11242,7056,2295,0.67,77.1,11.6,11.3
2025-02-07 00:00:00+00:00,Aquarabia,6706,9849,7131,1697,0.68,80.3,8.1,11.5
2025-02-08 00:00:00+00:00,Aquarabia,8276,11816,9495,2819,0.7,79.3,9.7,11
2025-02-09 00:00:00+00:00,Aquarabia,5872,8223,4853,1229,0.71,79.4,10.6,10.1
2025-02-10 00:00:00+00:00,Aquarabia,4695,6010,4208,1119,0.78,77.9,12.3,9.7
2025-02-11 00:00:00+00:00,Aquarabia,6005,8014,5318,1355,0.75,78.4,9.9,11.7
2025-02-12 00:00:00+00:00,Aquarabia,6277,9622,7133,2310,0.65,81.2,6.5,12.3
2025-02-13 00:00:00+00:00,Aquarabia,6922,10074,6160,1979,0.69,78.1,9.8,12.1
2025-02-14 00:00:00+00:00,Aquarabia,4797,6987,5560,1591,0.69,77.8,12.1,10.1
2025-02-15 00:00:00+00:00,Aquarabia,6964,10652,6328,2113,0.65,77.5,11.9,10.6
2025-02-16 00:00:00+00:00,Aquarabia,7650,9871,8727,1931,0.77,80.6,8,11.4
2025-02-17 00:00:00+00:00,Aquarabia,6696,9070,6183,1460,0.74,81.5,8.2,10.3
2025-02-18 00:00:00+00:00,Aquarabia,6025,8527,6657,1751,0.71,81.5,8.9,9.6
2025-02-19 00:00:00+00:00,Aquarabia,6567,8502,7188,1724,0.77,78.5,11,10.5
2025-02-20 00:00:00+00:00,Aquarabia,5951,9095,5413,1236,0.65,79.9,9.4,10.7
2025-02-21 00:00:00+00:00,Aquarabia,5282,6797,5144,1513,0.78,79.9,10.4,9.7
2025-02-22 00:00:00+00:00,Aquarabia,8466,10706,7533,2225,0.79,77.8,9.3,12.8
2025-02-23 00:00:00+00:00,Aquarabia,5691,8434,6073,1703,0.67,81.1,9.3,9.6
2025-02-24 00:00:00+00:00,Aquarabia,5776,7720,6593,1601,0.75,77.3,12.4,10.3
2025-02-25 00:00:00+00:00,Aquarabia,7387,11491,7990,2419,0.64,80.7,9.6,9.8
2025-02-26 00:00:00+00:00,Aquarabia,6508,9379,7219,1793,0.69,79.1,8.1,12.8
2025-02-27 00:00:00+00:00,Aquarabia,6706,8878,6075,1958,0.76,77.3,12.6,10.1
2025-02-28 00:00:00+00:00,Aquarabia,8039,11276,6644,2153,0.71,80.3,8,11.7
2025-03-01 00:00:00+00:00,Aquarabia,4727,6174,4864,1104,0.77,87.1,3.1,9.8
2025-03-02 00:00:00+00:00,Aquarabia,5113,6632,5264,1209,0.77,85.8,5,9.2
2025-03-03 00:00:00+00:00,Aquarabia,5576,7416,4740,1658,0.75,85.7,5.8,8.5
2025-03-04 00:00:00+00:00,Aquarabia,5097,6393,5460,1263,0.8,84.1,6.5,9.4
2025-03-05 00:00:00+00:00,Aquarabia,8277,10420,8969,2821,0.79,83.9,6.1,10
2025-03-06 00:00:00+00:00,Aquarabia,7070,10260,7335,1619,0.69,85.2,5.2,9.5
2025-03-07 00:00:00+00:00,Aquarabia,5382,8549,4427,1258,0.63,86.8,3.6,9.7
2025-03-08 00:00:00+00:00,Aquarabia,6379,9998,7052,1719,0.64,87.4,2.5,10.1
2025-03-09 00:00:00+00:00,Aquarabia,6717,9211,7611,1802,0.73,85.5,4.9,9.5
2025-03-10 00:00:00+00:00,Aquarabia,7491,10907,6040,2006,0.69,81.8,8.4,9.8
2025-03-11 00:00:00+00:00,Aquarabia,5989,8727,5150,1502,0.69,84.6,6.3,9.2
2025-03-12 00:00:00+00:00,Aquarabia,5908,7522,6306,1735,0.79,85.9,5.1,9
2025-03-13 00:00:00+00:00,Aquarabia,6923,9349,8205,2852,0.74,84.4,6.1,9.5
2025-03-14 00:00:00+00:00,Aquarabia,7958,10437,7783,2578,0.76,85,7.5,7.5
2025-03-15 00:00:00+00:00,Aquarabia,6760,10682,6330,1956,0.63,85.7,6.5,7.8
2025-03-16 00:00:00+00:00,Aquarabia,7401,11042,7002,1809,0.67,86.1,5.6,8.3
2025-03-17 00:00:00+00:00,Aquarabia,5520,8268,6229,1524,0.67,85.9,3.7,10.4
2025-03-18 00:00:00+00:00,Aquarabia,7259,11580,7566,1676,0.63,87.4,2.4,10.2
2025-03-19 00:00:00+00:00,Aquarabia,7361,9799,7190,1722,0.75,87,3.6,9.4
2025-03-20 00:00:00+00:00,Aquarabia,6183,9682,7237,2525,0.64,81.1,10.8,8.2
2025-03-21 00:00:00+00:00,Aquarabia,7232,9677,7436,1723,0.75,84.4,7.6,8
2025-03-22 00:00:00+00:00,Aquarabia,5338,6987,5792,1672,0.76,84.2,5.9,9.8
2025-03-23 00:00:00+00:00,Aquarabia,5516,7676,6097,1868,0.72,84,7.4,8.6
2025-03-24 00:00:00+00:00,Aquarabia,6335,7972,7225,2507,0.79,86,5.7,8.3
2025-03-25 00:00:00+00:00,Aquarabia,7868,12225,7263,1670,0.64,81.5,8.8,9.7
2025-03-26 00:00:00+00:00,Aquarabia,6824,9397,6841,1913,0.73,85.7,5.6,8.7
2025-03-27 00:00:00+00:00,Aquarabia,6901,10176,7119,1942,0.68,81.9,7.1,11
2025-03-28 00:00:00+00:00,Aquarabia,5683,7339,4604,1087,0.77,84.4,7.8,7.8
2025-03-29 00:00:00+00:00,Aquarabia,7420,10683,7932,2464,0.69,87,4.5,8.5
2025-03-30 00:00:00+00:00,Aquarabia,5219,7128,5142,1141,0.73,82.9,7.7,9.5
2025-03-31 00:00:00+00:00,Aquarabia,7802,10306,6684,1631,0.76,83.8,6.7,9.5
2025-04-01 00:00:00+00:00,Aquarabia,6284,9939,6679,1748,0.63,77.4,12.1,10.5
2025-04-02 00:00:00+00:00,Aquarabia,6828,10052,7317,1942,0.68,80.6,7.4,12
2025-04-03 00:00:00+00:00,Aquarabia,6448,8068,5490,1608,0.8,80.8,8.1,11.1
2025-04-04 00:00:00+00:00,Aquarabia,6005,9299,6787,1525,0.65,79.8,7.7,12.5
2025-04-05 00:00:00+00:00,Aquarabia,4939,6304,5343,1655,0.78,79.3,10.3,10.3
2025-04-06 00:00:00+00:00,Aquarabia,4749,6318,4012,1015,0.75,79.2,9,11.8
2025-04-07 00:00:00+00:00,Aquarabia,6035,9647,4981,1362,0.63,79.1,10.3,10.6
2025-04-08 00:00:00+00:00,Aquarabia,7405,9500,7227,2432,0.78,78.1,10.7,11.2
2025-04-09 00:00:00+00:00,Aquarabia,7623,9998,6780,2135,0.76,79.7,8.4,12
2025-04-10 00:00:00+00:00,Aquarabia,6937,10522,6671,1832,0.66,78.2,10.3,11.5
2025-04-11 00:00:00+00:00,Aquarabia,8375,11233,8774,2482,0.75,79.1,8.5,12.5
2025-04-12 00:00:00+00:00,Aquarabia,8426,12546,9861,3236,0.67,78.9,9,12.1
2025-04-13 00:00:00+00:00,Aquarabia,5950,9424,6714,2019,0.63,78.4,9.9,11.7
2025-04-14 00:00:00+00:00,Aquarabia,5092,7486,5480,1284,0.68,78.3,11.4,10.3
2025-04-15 00:00:00+00:00,Aquarabia,5978,8324,5635,1776,0.72,78.4,11.3,10.3
2025-04-16 00:00:00+00:00,Aquarabia,4563,6607,4129,1254,0.69,80.6,9.4,10
2025-04-17 00:00:00+00:00,Aquarabia,7733,9840,8621,2899,0.79,78.6,10.9,10.5
2025-04-18 00:00:00+00:00,Aquarabia,5516,8123,5453,1704,0.68,80.3,8.3,11.4
2025-04-19 00:00:00+00:00,Aquarabia,5816,7920,6120,1888,0.73,80.7,8.9,10.4
2025-04-20 00:00:00+00:00,Aquarabia,8202,10856,7671,2434,0.76,79.8,7.5,12.7
2025-04-21 00:00:00+00:00,Aquarabia,4733,6493,5473,1794,0.73,80.9,8.3,10.7
2025-04-22 00:00:00+00:00,Aquarabia,5955,8069,5277,1580,0.74,77.5,10.6,11.9
2025-04-23 00:00:00+00:00,Aquarabia,4725,6288,5377,1643,0.75,80.5,7.7,11.8
2025-04-24 00:00:00+00:00,Aquarabia,8027,11044,8437,2150,0.73,80.5,9.4,10
2025-04-25 00:00:00+00:00,Aquarabia,7296,9420,8484,2481,0.77,79.7,10.1,10.2
2025-04-26 00:00:00+00:00,Aquarabia,4923,6171,5884,1934,0.8,81.2,8.1,10.6
2025-04-27 00:00:00+00:00,Aquarabia,6351,8900,7399,1634,0.71,80.2,10.4,9.4
2025-04-28 00:00:00+00:00,Aquarabia,6783,10807,8124,2393,0.63,80.9,9.5,9.6
2025-04-29 00:00:00+00:00,Aquarabia,5395,7248,4494,1442,0.74,78.6,10.5,10.9
2025-04-30 00:00:00+00:00,Aquarabia,5668,8906,5837,1971,0.64,78.5,10.4,11.1
2025-05-01 00:00:00+00:00,Aquarabia,4625,6132,5069,1292,0.75,78.2,9.7,12.1
2025-05-02 00:00:00+00:00,Aquarabia,8096,12158,7451,1707,0.67,80.3,8.5,11.2
2025-05-03 00:00:00+00:00,Aquarabia,5191,7650,4758,1592,0.68,80.3,8,11.7
2025-05-04 00:00:00+00:00,Aquarabia,7930,10797,6934,1993,0.73,77.4,11.4,11.2
2025-05-05 00:00:00+00:00,Aquarabia,5171,7581,5528,1912,0.68,79.8,8.5,11.7
2025-05-06 00:00:00+00:00,Aquarabia,7011,10269,6014,1581,0.68,77.8,11.9,10.3
2025-05-07 00:00:00+00:00,Aquarabia,6908,9312,6022,2057,0.74,78,11.1,10.9
2025-05-08 00:00:00+00:00,Aquarabia,6307,10009,5231,1531,0.63,81.5,7,11.4
2025-05-09 00:00:00+00:00,Aquarabia,4781,6366,3847,1302,0.75,80.2,10.1,9.7
2025-05-10 00:00:00+00:00,Aquarabia,7276,11348,6029,1887,0.64,78.5,10.8,10.7
2025-05-11 00:00:00+00:00,Aquarabia,4740,6898,5263,1775,0.69,81.6,7.8,10.6
2025-05-12 00:00:00+00:00,Aquarabia,6144,8162,6521,1863,0.75,77,10.5,12.4
2025-05-13 00:00:00+00:00,Aquarabia,8095,11667,8359,2067,0.69,80.8,6.9,12.3
2025-05-14 00:00:00+00:00,Aquarabia,7029,10907,7763,2238,0.64,79.2,10.8,10
2025-05-15 00:00:00+00:00,Aquarabia,7257,11589,7738,2427,0.63,77.6,12.6,9.8
2025-05-16 00:00:00+00:00,Aquarabia,5299,6763,5328,1200,0.78,79.2,10.8,10
2025-05-17 00:00:00+00:00,Aquarabia,7251,11558,8261,2668,0.63,78.7,10.8,10.5
2025-05-18 00:00:00+00:00,Aquarabia,5846,8911,5206,1368,0.66,78.8,10.8,10.5
2025-05-19 00:00:00+00:00,Aquarabia,5303,7486,6173,2088,0.71,80.4,7.4,12.2
2025-05-20 00:00:00+00:00,Aquarabia,6226,8302,6645,1670,0.75,77.7,11.6,10.6
2025-05-21 00:00:00+00:00,Aquarabia,5066,7901,4208,1275,0.64,80.6,7.1,12.4
2025-05-22 00:00:00+00:00,Aquarabia,4562,6731,4896,1172,0.68,78.6,10.5,10.8
2025-05-23 00:00:00+00:00,Aquarabia,7167,11222,8375,2409,0.64,79,8.5,12.6
2025-05-24 00:00:00+00:00,Aquarabia,7678,10267,8047,2643,0.75,78.4,11.1,10.5
2025-05-25 00:00:00+00:00,Aquarabia,7957,10568,7338,2173,0.75,80.2,7.5,12.3
2025-05-26 00:00:00+00:00,Aquarabia,6929,9064,5948,1946,0.76,78.6,10.1,11.4
2025-05-27 00:00:00+00:00,Aquarabia,4840,7297,3972,1365,0.66,80.6,8.8,10.7
2025-05-28 00:00:00+00:00,Aquarabia,7218,11029,7214,1703,0.65,77.6,9.6,12.8
2025-05-29 00:00:00+00:00,Aquarabia,5231,7040,5234,1476,0.74,80.5,7.8,11.8
2025-05-30 00:00:00+00:00,Aquarabia,8131,11065,8444,1922,0.73,79.3,9.1,11.6
2025-05-31 00:00:00+00:00,Aquarabia,7568,10625,6732,2001,0.71,78.4,9.6,11.9
2025-06-01 00:00:00+00:00,Aquarabia,8236,10769,7625,2139,0.76,86.3,4.2,9.6
2025-06-02 00:00:00+00:00,Aquarabia,5415,7598,4771,1285,0.71,86.6,4.6,8.8
2025-06-03 00:00:00+00:00,Aquarabia,7657,9620,7748,2478,0.8,85.9,4.5,9.6
2025-06-04 00:00:00+00:00,Aquarabia,8233,11998,8163,2171,0.69,83.6,8.2,8.2
2025-06-05 00:00:00+00:00,Aquarabia,5205,7254,6217,1710,0.72,85.4,6,8.6
2025-06-06 00:00:00+00:00,Aquarabia,7381,9553,7237,2217,0.77,87.6,4,8.4
2025-06-07 00:00:00+00:00,Aquarabia,7366,9224,7821,2387,0.8,86.5,3.9,9.6
2025-06-08 00:00:00+00:00,Aquarabia,5446,7268,5322,1388,0.75,86.3,3.8,9.9
2025-06-09 00:00:00+00:00,Aquarabia,6766,10028,6057,2085,0.67,83.4,7,9.6
2025-06-10 00:00:00+00:00,Aquarabia,6388,8259,7091,2104,0.77,87.4,4.8,7.9
2025-06-11 00:00:00+00:00,Aquarabia,6963,10782,6843,2327,0.65,85.4,7.1,7.5
2025-06-12 00:00:00+00:00,Aquarabia,5038,7853,5032,1533,0.64,83.2,8.2,8.7
2025-06-13 00:00:00+00:00,Aquarabia,5694,8568,4995,1596,0.66,86.1,3.6,10.3
2025-06-14 00:00:00+00:00,Aquarabia,7490,11586,6508,2274,0.65,81.7,8.5,9.7
2025-06-15 00:00:00+00:00,Aquarabia,6869,9679,7978,1761,0.71,83,7.1,9.8
2025-06-16 00:00:00+00:00,Aquarabia,5751,8385,6469,1925,0.69,82.9,7.6,9.5
2025-06-17 00:00:00+00:00,Aquarabia,7548,10648,6432,1731,0.71,82.5,9.6,7.9
2025-06-18 00:00:00+00:00,Aquarabia,8083,12820,8246,2149,0.63,84.6,5.6,9.8
2025-06-19 00:00:00+00:00,Aquarabia,7985,12230,8851,3038,0.65,81.5,8.3,10.2
2025-06-20 00:00:00+00:00,Aquarabia,5146,7023,5112,1463,0.73,83.4,7.6,9
2025-06-21 00:00:00+00:00,Aquarabia,6104,8295,5407,1872,0.74,86.3,4.5,9.1
2025-06-22 00:00:00+00:00,Aquarabia,5878,8537,6938,2329,0.69,84.1,8.6,7.3
2025-06-23 00:00:00+00:00,Aquarabia,6722,10637,7788,1811,0.63,86.6,3.5,9.9
2025-06-24 00:00:00+00:00,Aquarabia,6036,8021,6701,2108,0.75,83,7.3,9.7
2025-06-25 00:00:00+00:00,Aquarabia,6627,9450,6093,1601,0.7,81.8,8.4,9.9
2025-06-26 00:00:00+00:00,Aquarabia,7026,11072,6306,1605,0.63,81.6,10.6,7.9
2025-06-27 00:00:00+00:00,Aquarabia,8279,11888,7301,1920,0.7,82.7,9.7,7.6
2025-06-28 00:00:00+00:00,Aquarabia,6563,9689,5703,1458,0.68,83.5,9.2,7.3
2025-06-29 00:00:00+00:00,Aquarabia,8193,10883,8940,2434,0.75,86.6,2.7,10.7
2025-06-30 00:00:00+00:00,Aquarabia,4660,6619,4701,1477,0.7,84.8,4.3,11
2025-07-01 00:00:00+00:00,Aquarabia,8028,12270,8911,2707,0.65,86.8,2.8,10.4
2025-07-02 00:00:00+00:00,Aquarabia,6580,9455,6581,1903,0.7,84.8,6,9.2
2025-07-03 00:00:00+00:00,Aquarabia,5047,6687,4206,1426,0.75,85.4,4.3,10.3
2025-07-04 00:00:00+00:00,Aquarabia,6052,8941,5049,1599,0.68,83.8,5.4,10.8
2025-07-05 00:00:00+00:00,Aquarabia,4681,6436,4083,1169,0.73,82.1,8.2,9.7
2025-07-06 00:00:00+00:00,Aquarabia,6671,9260,7373,1646,0.72,86.9,4.1,9
2025-07-07 00:00:00+00:00,Aquarabia,7619,11038,8797,2272,0.69,85.3,6,8.7
2025-07-08 00:00:00+00:00,Aquarabia,6782,9607,6389,1505,0.71,85.1,7.2,7.8
2025-07-09 00:00:00+00:00,Aquarabia,7041,10179,7066,1740,0.69,85.1,4.2,10.6
2025-07-10 00:00:00+00:00,Aquarabia,7021,9329,6857,2245,0.75,84.4,5.4,10.2
2025-07-11 00:00:00+00:00,Aquarabia,6448,8427,7524,1777,0.77,84.8,5.7,9.5
2025-07-12 00:00:00+00:00,Aquarabia,8315,10571,8021,1977,0.79,85.7,5.8,8.6
2025-07-13 00:00:00+00:00,Aquarabia,6687,10311,5597,1575,0.65,81.5,10.1,8.4
2025-07-14 00:00:00+00:00,Aquarabia,6464,9255,7641,1771,0.7,84.3,7.5,8.2
2025-07-15 00:00:00+00:00,Aquarabia,5395,8592,5684,1791,0.63,84.7,7.1,8.2
2025-07-16 00:00:00+00:00,Aquarabia,5955,9074,5586,1465,0.66,84.4,7.2,8.3
2025-07-17 00:00:00+00:00,Aquarabia,4956,6315,5092,1154,0.78,85.8,5.2,9
2025-07-18 00:00:00+00:00,Aquarabia,5354,7017,4723,1551,0.76,84.1,6.8,9.1
2025-07-19 00:00:00+00:00,Aquarabia,6213,8313,5139,1389,0.75,82,7.7,10.3
2025-07-20 00:00:00+00:00,Aquarabia,6461,9164,5883,1803,0.71,83.1,7.2,9.7
2025-07-21 00:00:00+00:00,Aquarabia,7055,9630,7404,2207,0.73,82,9.4,8.6
2025-07-22 00:00:00+00:00,Aquarabia,6126,8613,6894,2226,0.71,87.8,3.3,8.9
2025-07-23 00:00:00+00:00,Aquarabia,6398,10175,6356,2194,0.63,82.3,9.1,8.6
2025-07-24 00:00:00+00:00,Aquarabia,6455,9940,7451,1816,0.65,81.8,7.8,10.4
2025-07-25 00:00:00+00:00,Aquarabia,6732,9066,6028,1943,0.74,83.7,7.3,9
2025-07-26 00:00:00+00:00,Aquarabia,7444,11736,7648,2033,0.63,83.3,7.4,9.3
2025-07-27 00:00:00+00:00,Aquarabia,5233,8213,4571,1049,0.64,82.2,9.2,8.7
2025-07-28 00:00:00+00:00,Aquarabia,6833,9656,7430,2471,0.71,85.8,5.4,8.8
2025-07-29 00:00:00+00:00,Aquarabia,7471,10272,6804,1730,0.73,85.3,6,8.7
2025-07-30 00:00:00+00:00,Aquarabia,6938,10123,7619,2408,0.69,82.4,8.3,9.3
2025-07-31 00:00:00+00:00,Aquarabia,5900,9176,4732,1532,0.64,85,6,9
2025-08-01 00:00:00+00:00,Aquarabia,5275,8409,5785,1543,0.63,79.3,11.9,8.8
2025-08-02 00:00:00+00:00,Aquarabia,7828,11387,7925,2324,0.69,81.8,7.6,10.6
2025-08-03 00:00:00+00:00,Aquarabia,6243,9058,6020,1508,0.69,82.7,6.4,10.8
2025-08-04 00:00:00+00:00,Aquarabia,6541,8942,7431,2501,0.73,82.9,6.7,10.4
2025-08-05 00:00:00+00:00,Aquarabia,6059,8462,4997,1132,0.72,84,6,10.1
2025-08-06 00:00:00+00:00,Aquarabia,4640,6946,4068,1185,0.67,83.5,7.5,9
2025-08-07 00:00:00+00:00,Aquarabia,6074,8188,5465,1280,0.74,79.6,10.3,10.1
2025-08-08 00:00:00+00:00,Aquarabia,5747,8273,5570,1944,0.69,81.2,8.9,9.9
2025-08-09 00:00:00+00:00,Aquarabia,5945,7564,6058,2086,0.79,83.2,6.8,10
2025-08-10 00:00:00+00:00,Aquarabia,4983,7665,4178,1085,0.65,83.9,6.2,9.9
2025-08-11 00:00:00+00:00,Aquarabia,5460,7534,4552,1484,0.72,83.3,7.6,9.1
2025-08-12 00:00:00+00:00,Aquarabia,7816,10425,6695,2074,0.75,82.2,6.7,11.2
2025-08-13 00:00:00+00:00,Aquarabia,8338,11344,6903,2129,0.73,84.9,4.7,10.4
2025-08-14 00:00:00+00:00,Aquarabia,7914,11919,7921,2088,0.66,83,6.4,10.6
2025-08-15 00:00:00+00:00,Aquarabia,8343,11074,6679,2069,0.75,79.9,10.7,9.4
2025-08-16 00:00:00+00:00,Aquarabia,7972,12296,6914,2072,0.65,79.1,11.3,9.5
2025-08-17 00:00:00+00:00,Aquarabia,8021,10981,8996,2543,0.73,82.7,8.2,9.1
2025-08-18 00:00:00+00:00,Aquarabia,8478,12827,8237,2205,0.66,80.6,10.3,9.1
2025-08-19 00:00:00+00:00,Aquarabia,6220,8283,6067,1820,0.75,79.2,9.1,11.6
2025-08-20 00:00:00+00:00,Aquarabia,5339,8252,4277,1485,0.65,84.9,5.2,9.9
2025-08-21 00:00:00+00:00,Aquarabia,7940,12535,9244,2528,0.63,80.9,10,9.1
2025-08-22 00:00:00+00:00,Aquarabia,6376,8157,5255,1172,0.78,82,8.1,9.9
2025-08-23 00:00:00+00:00,Aquarabia,5282,7202,6209,1481,0.73,78.6,9.8,11.6
2025-08-24 00:00:00+00:00,Aquarabia,8375,11476,7138,2332,0.73,80.7,8.4,10.9
2025-08-25 00:00:00+00:00,Aquarabia,8370,12032,9827,3089,0.7,81.1,7.8,11.1
2025-08-26 00:00:00+00:00,Aquarabia,5430,7198,4868,1635,0.75,80.3,10.7,9
2025-08-27 00:00:00+00:00,Aquarabia,6012,7801,5872,1739,0.77,82.6,8.6,8.7
2025-08-28 00:00:00+00:00,Aquarabia,5621,7300,5734,1395,0.77,80.5,10.4,9.1
2025-08-29 00:00:00+00:00,Aquarabia,7061,10628,5803,1601,0.66,83.3,4.9,11.8
2025-08-30 00:00:00+00:00,Aquarabia,8018,11098,8954,2363,0.72,80.4,9.6,10
2025-08-31 00:00:00+00:00,Aquarabia,8354,10457,9209,2823,0.8,81.4,8.8,9.8
2025-09-01 00:00:00+00:00,Aquarabia,6058,8667,6328,2043,0.7,87.4,3.2,9.5
2025-09-02 00:00:00+00:00,Aquarabia,7402,10165,7344,1871,0.73,86.2,6.5,7.3
2025-09-03 00:00:00+00:00,Aquarabia,6959,10510,5762,1785,0.66,82.8,9.1,8.1
2025-09-04 00:00:00+00:00,Aquarabia,6562,8887,5772,1796,0.74,86.6,4.3,9.1
2025-09-05 00:00:00+00:00,Aquarabia,7474,9585,8876,2821,0.78,87.3,2.3,10.4
2025-09-06 00:00:00+00:00,Aquarabia,8295,12003,9659,2272,0.69,81.9,8.9,9.1
2025-09-07 00:00:00+00:00,Aquarabia,8069,12468,7229,2489,0.65,81.9,8.1,10
2025-09-08 00:00:00+00:00,Aquarabia,7605,11171,8593,2963,0.68,83.5,7.1,9.5
2025-09-09 00:00:00+00:00,Aquarabia,6284,8977,6690,2083,0.7,83.5,9.1,7.5
2025-09-10 00:00:00+00:00,Aquarabia,6464,10048,5267,1651,0.64,84,6,10
2025-09-11 00:00:00+00:00,Aquarabia,6779,10061,5425,1423,0.67,86.7,5.9,7.4
2025-09-12 00:00:00+00:00,Aquarabia,8464,12634,7193,2017,0.67,87,4.5,8.5
2025-09-13 00:00:00+00:00,Aquarabia,6017,8837,7185,2036,0.68,87,4.6,8.4
2025-09-14 00:00:00+00:00,Aquarabia,5502,8289,4787,1629,0.66,85.3,6.3,8.4
2025-09-15 00:00:00+00:00,Aquarabia,5627,8724,5125,1189,0.64,85.7,5.5,8.8
2025-09-16 00:00:00+00:00,Aquarabia,7930,10020,7565,2215,0.79,85.8,6.1,8
2025-09-17 00:00:00+00:00,Aquarabia,5700,8818,4781,1398,0.65,83.7,8.6,7.7
2025-09-18 00:00:00+00:00,Aquarabia,5889,8087,5021,1139,0.73,85.1,5.1,9.8
2025-09-19 00:00:00+00:00,Aquarabia,7369,11295,8780,2237,0.65,83.6,7,9.5
2025-09-20 00:00:00+00:00,Aquarabia,5387,6745,5651,1877,0.8,84.5,7.8,7.7
2025-09-21 00:00:00+00:00,Aquarabia,6568,9638,6939,1852,0.68,85.7,4.2,10.2
2025-09-22 00:00:00+00:00,Aquarabia,4556,6984,4919,1177,0.65,85.8,6.2,8
2025-09-23 00:00:00+00:00,Aquarabia,8195,10692,9046,2196,0.77,85.8,4.4,9.8
2025-09-24 00:00:00+00:00,Aquarabia,7272,10721,8253,2887,0.68,81.8,8.6,9.6
2025-09-25 00:00:00+00:00,Aquarabia,8144,11920,8523,2593,0.68,83.6,8.3,8.1
2025-09-26 00:00:00+00:00,Aquarabia,6651,9692,6768,2308,0.69,84.7,5.4,9.9
2025-09-27 00:00:00+00:00,Aquarabia,7666,10922,6329,1483,0.7,84.1,5.1,10.8
2025-09-28 00:00:00+00:00,Aquarabia,4664,7182,4886,1518,0.65,86.7,4.3,9
2025-09-29 00:00:00+00:00,Aquarabia,7213,9534,8021,2654,0.76,83.8,6.7,9.6
2025-09-30 00:00:00+00:00,Aquarabia,8025,10571,9630,2370,0.76,84.2,6.1,9.7
2025-10-01 00:00:00+00:00,Aquarabia,6337,10053,6021,1475,0.63,84.9,6.7,8.4
2025-10-02 00:00:00+00:00,Aquarabia,8233,12342,8691,2517,0.67,87,2.9,10.1
2025-10-03 00:00:00+00:00,Aquarabia,8313,12499,9682,3271,0.67,82.2,8.8,9
2025-10-04 00:00:00+00:00,Aquarabia,6997,10502,6314,1478,0.67,82.4,7.7,9.9
2025-10-05 00:00:00+00:00,Aquarabia,5714,8713,6041,1339,0.66,85.8,6.5,7.7
2025-10-06 00:00:00+00:00,Aquarabia,8102,11064,8483,1981,0.73,84.4,6.6,9
2025-10-07 00:00:00+00:00,Aquarabia,5453,7512,5221,1436,0.73,85,7.1,7.9
2025-10-08 00:00:00+00:00,Aquarabia,7126,10846,6616,1511,0.66,81.7,9.8,8.5
2025-10-09 00:00:00+00:00,Aquarabia,5288,7126,4520,1190,0.74,82.3,10,7.7
2025-10-10 00:00:00+00:00,Aquarabia,5757,7367,6296,1431,0.78,82.1,7.5,10.4
2025-10-11 00:00:00+00:00,Aquarabia,6470,9905,6501,1567,0.65,87.5,4.9,7.6
2025-10-12 00:00:00+00:00,Aquarabia,6057,7773,6134,1935,0.78,85.9,3.5,10.6
2025-10-13 00:00:00+00:00,Aquarabia,5515,7402,4495,1558,0.74,85.2,6.2,8.7
2025-10-14 00:00:00+00:00,Aquarabia,8282,11037,9405,3235,0.75,86.4,4.3,9.3
2025-10-15 00:00:00+00:00,Aquarabia,7935,12450,7071,2336,0.64,83.4,6.8,9.8
2025-10-16 00:00:00+00:00,Aquarabia,8133,10953,9441,3011,0.74,81.9,8.6,9.4
2025-10-17 00:00:00+00:00,Aquarabia,8426,12759,8977,2764,0.66,87.3,4.9,7.7
2025-10-18 00:00:00+00:00,Aquarabia,5041,7761,5635,1410,0.65,84,6.4,9.6
2025-10-19 00:00:00+00:00,Aquarabia,6367,8914,7533,2521,0.71,86,4.6,9.4
2025-10-20 00:00:00+00:00,Aquarabia,8371,10745,8073,2413,0.78,86.1,5.3,8.6
2025-10-21 00:00:00+00:00,Aquarabia,5439,6965,5797,1879,0.78,84.9,5.1,10
2025-10-22 00:00:00+00:00,Aquarabia,5053,8031,4452,1106,0.63,86.6,4.1,9.3
2025-10-23 00:00:00+00:00,Aquarabia,6021,7693,7138,2081,0.78,82.8,8.5,8.7
2025-10-24 00:00:00+00:00,Aquarabia,5953,8150,5634,1808,0.73,84.7,6.1,9.3
2025-10-25 00:00:00+00:00,Aquarabia,5287,6692,5337,1341,0.79,82.9,6.6,10.5
2025-10-26 00:00:00+00:00,Aquarabia,5437,7577,6024,2008,0.72,87.4,3.7,8.9
2025-10-27 00:00:00+00:00,Aquarabia,4930,7012,4355,1100,0.7,84.2,5.9,9.9
2025-10-28 00:00:00+00:00,Aquarabia,5442,7620,5383,1477,0.71,83.2,8.8,8
2025-10-29 00:00:00+00:00,Aquarabia,4739,7140,5218,1680,0.66,83.6,6.2,10.1
2025-10-30 00:00:00+00:00,Aquarabia,7022,10422,6152,2025,0.67,84.5,5.9,9.6
2025-10-31 00:00:00+00:00,Aquarabia,7269,10014,6839,1746,0.73,82,9.1,8.9
2025-11-01 00:00:00+00:00,Aquarabia,5634,8077,6335,1634,0.7,0,0,100
2025-11-02 00:00:00+00:00,Aquarabia,4843,6363,5542,1819,0.76,0,0,100
2025-11-03 00:00:00+00:00,Aquarabia,6873,8909,7858,2600,0.77,0,0,100
2025-11-04 00:00:00+00:00,Aquarabia,5079,6876,5512,1310,0.74,0,0,100
2025-11-05 00:00:00+00:00,Aquarabia,5997,9393,5420,1382,0.64,0,0,100
2025-11-06 00:00:00+00:00,Aquarabia,5882,8523,4931,1524,0.69,0,0,100
2025-11-07 00:00:00+00:00,Aquarabia,7459,9692,6503,2250,0.77,0,0,100
2025-11-08 00:00:00+00:00,Aquarabia,8391,10901,8792,2873,0.77,0,0,100
2025-11-09 00:00:00+00:00,Aquarabia,8255,11449,7232,2083,0.72,0,0,100
2025-11-10 00:00:00+00:00,Aquarabia,4801,6467,5441,1244,0.74,0,0,100
2025-11-11 00:00:00+00:00,Aquarabia,4500,6511,4576,1525,0.69,0,0,100
2025-11-12 00:00:00+00:00,Aquarabia,5830,7845,4903,1254,0.74,0,0,100
2025-11-13 00:00:00+00:00,Aquarabia,4629,5809,4946,1152,0.8,0,0,100
2025-11-14 00:00:00+00:00,Aquarabia,8106,11949,6754,1880,0.68,0,0,100
2025-11-15 00:00:00+00:00,Aquarabia,7481,11821,6772,1843,0.63,0,0,100
2025-11-16 00:00:00+00:00,Aquarabia,5432,7379,6021,1915,0.74,0,0,100
2025-11-17 00:00:00+00:00,Aquarabia,6493,10248,7700,2598,0.63,0,0,100
2025-11-18 00:00:00+00:00,Aquarabia,5984,8653,6837,2176,0.69,0,0,100
2025-11-19 00:00:00+00:00,Aquarabia,7929,10295,8121,2779,0.77,0,0,100
2025-11-20 00:00:00+00:00,Aquarabia,6176,9409,5118,1209,0.66,0,0,100
2025-11-21 00:00:00+00:00,Aquarabia,5067,7364,5773,1604,0.69,0,0,100
2025-11-22 00:00:00+00:00,Aquarabia,7894,12248,6342,1654,0.64,0,0,100
2025-11-23 00:00:00+00:00,Aquarabia,8225,11960,7347,2487,0.69,0,0,100
2025-11-24 00:00:00+00:00,Aquarabia,8005,11174,8454,2760,0.72,0,0,100
2025-11-25 00:00:00+00:00,Aquarabia,8192,12162,7972,2166,0.67,0,0,100
2025-11-26 00:00:00+00:00,Aquarabia,6137,9210,5973,1393,0.67,0,0,100
2025-11-27 00:00:00+00:00,Aquarabia,6414,9878,7486,2032,0.65,0,0,100
2025-11-28 00:00:00+00:00,Aquarabia,5282,8135,4445,1324,0.65,0,0,100
2025-11-29 00:00:00+00:00,Aquarabia,6865,8738,6710,2034,0.79,0,0,100
2025-11-30 00:00:00+00:00,Aquarabia,6874,8809,5882,2043,0.78,0,0,100
2025-12-01 00:00:00+00:00,Aquarabia,5477,6878,6037,1679,0.8,0,0,100
2025-12-02 00:00:00+00:00,Aquarabia,6398,9905,7106,2363,0.65,0,0,100
2025-12-03 00:00:00+00:00,Aquarabia,5770,7785,6472,1531,0.74,0,0,100
2025-12-04 00:00:00+00:00,Aquarabia,8088,10268,6954,2415,0.79,0,0,100
2025-12-05 00:00:00+00:00,Aquarabia,6442,8102,5303,1190,0.8,0,0,100
2025-12-06 00:00:00+00:00,Aquarabia,6063,9631,6116,1771,0.63,0,0,100
2025-12-07 00:00:00+00:00,Aquarabia,7116,10213,7526,1974,0.7,0,0,100
2025-12-08 00:00:00+00:00,Aquarabia,7557,10422,7417,2306,0.73,0,0,100
2025-12-09 00:00:00+00:00,Aquarabia,5445,7844,5311,1525,0.69,0,0,100
2025-12-10 00:00:00+00:00,Aquarabia,5483,8009,6471,1448,0.68,0,0,100
2025-12-11 00:00:00+00:00,Aquarabia,6274,9099,5318,1261,0.69,0,0,100
2025-12-12 00:00:00+00:00,Aquarabia,6936,8714,6057,2111,0.8,0,0,100
2025-12-13 00:00:00+00:00,Aquarabia,4917,6924,4687,1595,0.71,0,0,100
2025-12-14 00:00:00+00:00,Aquarabia,7464,11871,8025,2414,0.63,0,0,100
2025-12-15 00:00:00+00:00,Aquarabia,7985,10177,6563,1659,0.78,0,0,100
2025-12-16 00:00:00+00:00,Aquarabia,8136,10354,8316,2343,0.79,0,0,100
2025-12-17 00:00:00+00:00,Aquarabia,7246,11345,8074,2017,0.64,0,0,100
2025-12-18 00:00:00+00:00,Aquarabia,6790,10836,7979,2590,0.63,0,0,100
2025-12-19 00:00:00+00:00,Aquarabia,7609,9574,7744,2710,0.79,0,0,100
2025-12-20 00:00:00+00:00,Aquarabia,6231,9102,6660,1761,0.68,0,0,100
2025-12-21 00:00:00+00:00,Aquarabia,4689,6242,5617,1816,0.75,0,0,100
2025-12-22 00:00:00+00:00,Aquarabia,6453,9977,6156,1985,0.65,0,0,100
2025-12-23 00:00:00+00:00,Aquarabia,4943,6523,5780,1852,0.76,0,0,100
2025-12-24 00:00:00+00:00,Aquarabia,7184,10393,7722,2050,0.69,0,0,100
2025-12-25 00:00:00+00:00,Aquarabia,6387,8362,7282,1754,0.76,0,0,100
2025-12-26 00:00:00+00:00,Aquarabia,4785,6939,3952,888,0.69,0,0,100
2025-12-27 00:00:00+00:00,Aquarabia,5179,6856,4945,1515,0.76,0,0,100
2025-12-28 00:00:00+00:00,Aquarabia,4776,6551,4174,1201,0.73,0,0,100
2025-12-29 00:00:00+00:00,Aquarabia,6133,7980,6529,1855,0.77,0,0,100
2025-12-30 00:00:00+00:00,Aquarabia,6734,8766,6106,1907,0.77,0,0,100
2025-12-31 00:00:00+00:00,Aquarabia,5362,7452,6219,1676,0.72,0,0,100
